id,age,salary,department,is_remote,join_date,feedback,lat,lon
0,39.96714153011233,9165.056756753847,Sales,0,2020-01-01,Great place,23.943928283476456,90.32460916851016
1,33.61735698828815,0.0,Marketing,1,2020-01-02,Great place,23.76582903923491,90.67275598624693
2,41.47688538100692,50589.205735206524,Marketing,0,2020-01-03,I love working here! Best company ever.,23.00540492367267,90.33726689605423
3,,61289.746975579976,IT,1,2020-01-04,Great place,23.001346270956564,90.17959978144009
4,32.658466252766644,,HR,1,2020-01-05,I love working here! Best company ever.,23.37810076978745,90.28135062185385
5,32.6586304305082,0.0,Engineering,0,2020-01-06,I love working here! Best company ever.,23.143395370010893,90.45757533225043
6,50.79212815507391,,Engineering,1,2020-01-07,Needs improvement,23.0183861421516,90.47538585535548
7,42.67434729152909,38967.5444047811,IT,0,2020-01-08,Average,23.464066689404504,90.7830002313472
8,30.305256140650478,61732.00020306195,HR,0,2020-01-09,Great place,23.94306189740697,90.75015322943152
9,40.42560043585965,102385.17762273805,Sales,1,2020-01-10,Needs improvement,23.32381957490243,90.45681780455614
10,30.365823071875376,62603.37364360131,IT,0,2020-01-11,Great place,23.661140678428698,90.84566734909878
11,30.34270246429743,80905.79362983629,IT,1,2020-01-12,I love working here! Best company ever.,23.65223535313244,90.11423713859139
12,,20734.13745732168,Engineering,0,2020-01-13,Great place,23.251080103665167,90.2553533502289
13,15.86719755342202,0.0,IT,0,2020-01-14,Average,23.650425248823865,90.82797646350225
14,17.750821674869673,4175.322487908133,IT,0,2020-01-15,I love working here! Best company ever.,23.212333974286892,90.37799403862616
15,29.377124707590273,0.0,IT,1,2020-01-16,I love working here! Best company ever.,23.12200741357689,90.98118155879384
16,24.87168879665576,39658.58414394647,Engineering,0,2020-01-17,Needs improvement,23.70138328555969,90.46625328152784
17,38.142473325952736,,Sales,1,2020-01-18,Average,23.113440817103918,90.79193562296376
18,25.91975924478789,30103.04859675232,Sales,0,2020-01-19,I love working here! Best company ever.,23.996909218589355,90.40230704138237
19,20.876962986647086,51581.950086004435,IT,0,2020-01-20,Average,23.18345240115023,90.42495351906243
20,49.65648768921554,37369.89069793848,Engineering,1,2020-01-21,Great place,23.59414186275646,90.38288314728419
21,32.74223699513465,65761.89174934603,Sales,1,2020-01-22,Average,23.41137457141259,90.71907562051081
22,35.67528204687924,4257.7449944478085,Sales,1,2020-01-23,I love working here! Best company ever.,23.126386422405666,90.54751788406
23,20.752518137865433,3112.501565950754,Sales,1,2020-01-24,Needs improvement,23.027843907577413,90.94377811136837
24,29.556172754748175,14191.357876995819,Engineering,1,2020-01-25,I love working here! Best company ever.,23.622732282292834,90.25089031653411
25,36.10922589709866,8690.574325757503,Engineering,0,2020-01-26,Average,23.806757563789127,90.10056273208345
26,,102701.7778501199,IT,0,2020-01-27,Average,23.842015661506743,90.39326148509922
27,38.75698018345672,0.0,Marketing,1,2020-01-28,I love working here! Best company ever.,23.482713473076934,90.61671270764677
28,28.99361310081195,,Sales,0,2020-01-29,Average,23.777455467182385,90.8607989369155
29,32.083062502067236,0.0,Marketing,0,2020-01-30,Great place,23.672847133488546,90.34619688668033
30,28.98293387770603,10051.855198942643,Engineering,0,2020-01-31,I love working here! Best company ever.,23.724254527499134,90.65378675112446
31,53.522781845089376,0.0,Engineering,1,2020-02-01,Needs improvement,23.492599005221813,90.35019868102322
32,34.86502775262066,53750.81026707593,Engineering,0,2020-02-02,I love working here! Best company ever.,23.633411740242128,90.61721958299445
33,24.422890710440996,0.0,Marketing,0,2020-02-03,Great place,23.80552591357606,90.88480794703065
34,43.225449121031886,40524.91495578103,Engineering,0,2020-02-04,Great place,23.397884175557024,90.23135764225941
35,22.791563500289776,63505.94698644831,IT,1,2020-02-05,Great place,23.805978900867583,90.40424164210704
36,37.08863595004755,12967.997284335337,Engineering,0,2020-02-06,Great place,23.592016842789064,90.99326519642975
37,15.403298761202244,280431.56160238525,HR,0,2020-02-07,Great place,23.165901024370786,90.86855702824946
38,21.718139511015693,,Marketing,1,2020-02-08,Needs improvement,23.024684157224584,90.5646398578962
39,36.96861235869123,,HR,1,2020-02-09,Average,23.362753600399152,90.51662759185427
40,42.38466579995411,11128.588923444668,Engineering,0,2020-02-10,Great place,23.54669632829634,90.28460038230467
41,36.7136828118997,,IT,0,2020-02-11,Great place,23.83982035220349,90.51720942769353
42,33.843517176117594,3746.8685917146645,Sales,1,2020-02-12,I love working here! Best company ever.,23.127485680140246,90.84818149827994
43,31.988963044107113,1556.605826180974,Engineering,1,2020-02-13,Needs improvement,23.80020634768358,90.68517451327779
44,20.214780096325725,0.0,IT,1,2020-02-14,Needs improvement,23.863009046067226,90.29004402817799
45,27.801557916052914,0.0,Marketing,1,2020-02-15,Average,23.150687487000834,90.20146392105353
46,30.393612290402125,101350.99625954202,HR,1,2020-02-16,Needs improvement,23.85159431930422,90.26520853699682
47,45.57122226218915,64945.14894089445,HR,1,2020-02-17,I love working here! Best company ever.,23.991453567842793,90.16975920139282
48,38.43618289568462,67876.8952374661,HR,1,2020-02-18,I love working here! Best company ever.,23.726838831048237,90.09564069602372
49,17.36959844637266,0.0,Marketing,0,2020-02-19,Average,23.784769681824987,90.41913617444206
50,38.24083969394795,21227.42663447413,IT,1,2020-02-20,I love working here! Best company ever.,23.994415267558875,90.11329960439826
51,31.149177195836835,0.0,Marketing,1,2020-02-21,Great place,23.605481250525944,90.1719125577271
52,28.230779996940413,219703.1945758252,HR,0,2020-02-22,Great place,23.30788638201625,90.54732468433949
53,41.11676288840868,2046.7871021964336,Engineering,1,2020-02-23,I love working here! Best company ever.,23.837530834076055,90.16459927369958
54,45.30999522495951,100882.14958778695,Sales,1,2020-02-24,Average,23.614485777511632,90.0638797674309
55,44.31280119116199,43217.587067633125,Marketing,0,2020-02-25,Needs improvement,23.581195423720956,90.31738885002788
56,26.607824767773614,0.0,Marketing,1,2020-02-26,Average,23.253635555514037,90.22031909862197
57,31.907876241487855,0.0,IT,0,2020-02-27,Needs improvement,23.756334269582887,90.51530518799437
58,38.31263431403564,33341.7151799607,IT,0,2020-02-28,I love working here! Best company ever.,23.081667275860095,90.10236708458321
59,44.75545127122359,103345.31706338834,Marketing,0,2020-02-29,I love working here! Best company ever.,23.924287070794662,90.75177078768297
60,30.2082576215471,115481.42398101873,HR,0,2020-03-01,Great place,23.325823460770486,90.90623351943513
61,33.14341023336183,27384.935067701237,Sales,1,2020-03-02,Needs improvement,23.12777465278999,90.7434351739562
62,23.936650259939718,0.0,IT,0,2020-03-03,Average,23.44236653310242,90.53282703740139
63,,44867.356097045464,HR,0,2020-03-04,I love working here! Best company ever.,23.042469909256532,90.86066782178888
64,43.125258223941984,0.0,Engineering,1,2020-03-05,Average,23.684626194264965,90.69491837978151
65,48.56240028570823,11828.044947501228,IT,0,2020-03-06,Great place,23.902705510445355,90.0105511224502
66,34.27989878419666,48771.07288497878,HR,0,2020-03-07,Needs improvement,23.83726300713851,90.39409015277451
67,45.03532897892024,0.0,HR,0,2020-03-08,Needs improvement,23.12736947344788,90.8509518994068
68,38.61636025047634,66046.50075634278,Sales,0,2020-03-09,I love working here! Best company ever.,23.126271137107732,90.34585885797527
69,28.548802453948756,7053.281485133021,Sales,1,2020-03-10,Needs improvement,23.813434482324265,90.03521517352553
70,38.61395605508414,,Engineering,0,2020-03-11,I love working here! Best company ever.,23.924254274603115,90.74617963855228
71,,119862.66031446225,HR,1,2020-03-12,Great place,23.46066982983349,90.80203827028286
72,34.64173960890049,0.0,HR,1,2020-03-13,Needs improvement,23.498971116913765,90.1605936950433
73,50.64643655814006,13560.479584358098,Sales,0,2020-03-14,I love working here! Best company ever.,23.318262041385726,90.53734049684319
74,8.802548959102555,0.0,IT,0,2020-03-15,Average,23.894265118256413,90.19195543899572
75,43.21902504375224,9982.152737757895,IT,0,2020-03-16,I love working here! Best company ever.,23.644902905292355,90.71923441904414
76,35.870470682381715,96339.4883878329,Marketing,0,2020-03-17,Needs improvement,23.28825157716737,90.27155045517749
77,32.009926495341325,0.0,Sales,1,2020-03-18,Great place,23.29878287105425,90.31621512256334
78,35.91760776535502,14199.848499718522,Marketing,1,2020-03-19,Needs improvement,23.8912000730636,90.8449708536401
79,15.124310853991073,102300.30008724245,Sales,1,2020-03-20,Needs improvement,23.013634023905823,90.4763223522069
80,32.80328112162488,29466.86627799779,Engineering,0,2020-03-21,I love working here! Best company ever.,23.322726572726637,90.66975445121825
81,38.57112571511746,36161.493455055905,HR,1,2020-03-22,Average,23.55435668121637,90.40237305072247
82,49.77894044741516,0.0,Engineering,0,2020-03-23,Needs improvement,23.148217462099325,90.29800685719376
83,29.817297817263526,44941.06713425393,Sales,0,2020-03-24,Average,23.09209875419959,90.62547806042465
84,26.915063971068122,8927.864880881569,HR,0,2020-03-25,I love working here! Best company ever.,23.81527633109056,90.15485757407882
85,29.982429564154636,24803.545318173678,IT,0,2020-03-26,Average,23.894404388648507,90.37299983556686
86,44.15402117702074,,IT,0,2020-03-27,I love working here! Best company ever.,23.82360642079819,90.20903703738593
87,38.287511096596845,14929.294021200309,Marketing,1,2020-03-28,Great place,23.89878788973735,90.69579496694075
88,29.702397962329613,53462.86922585514,Sales,1,2020-03-29,Average,23.55311197105837,90.94420883834611
89,40.13267433113356,19666.210219446355,Sales,0,2020-03-30,Average,23.812258120990343,90.99551096801586
90,35.9707754934804,0.0,IT,1,2020-03-31,Great place,23.3840426383911,90.4502768104416
91,44.68644990532889,7013.338980506837,Engineering,0,2020-04-01,Average,23.66626786147904,90.25253038963645
92,27.979469061226474,0.0,HR,0,2020-04-02,Great place,23.988835531389164,90.44282937038433
93,31.723378534022316,0.0,Engineering,0,2020-04-03,Needs improvement,23.225727723839128,90.84726940996272
94,31.078918468678424,,Engineering,1,2020-04-04,I love working here! Best company ever.,23.389899746291082,90.20600567855205
95,20.364850518678814,3816.8861277968535,IT,0,2020-04-05,Great place,23.480047377310086,90.95209565165293
96,37.96120277064576,,IT,0,2020-04-06,Average,23.138015487020052,90.34186576879816
97,,0.0,IT,1,2020-04-07,Great place,23.081038610465058,90.98580365945031
98,35.05113456642461,0.0,Marketing,1,2020-04-08,Average,23.829722866321625,90.83860888753397
99,32.65412866624853,88270.49420610788,Engineering,1,2020-04-09,Needs improvement,23.976794372827587,90.80857053414739
100,20.84629257949586,28183.85953427962,Sales,0,2020-04-10,Great place,23.40472506382966,90.31790467377328
101,30.79354677234641,0.0,HR,0,2020-04-11,Needs improvement,23.087649836194654,90.00877721194793
102,31.572854834732304,0.0,Marketing,1,2020-04-12,I love working here! Best company ever.,23.065811760690575,90.382132908826
103,26.97722730778381,61341.13034796724,Sales,0,2020-04-13,Average,23.8913182063603,90.30180936966269
104,33.387142883339905,9138.597384292341,Engineering,1,2020-04-14,Average,23.46381424972768,90.0373969904088
105,39.040508568145384,9173.263506538035,IT,1,2020-04-15,Needs improvement,23.320027316562392,90.50536525650593
106,53.8618590121053,1868.0364004741368,Engineering,0,2020-04-16,I love working here! Best company ever.,23.4764612712394,90.40303131128273
107,36.74577812831839,0.0,HR,0,2020-04-17,Great place,23.318304094692348,90.63455646774152
108,37.57550390722764,54503.12625735495,Marketing,1,2020-04-18,Great place,23.48903577530762,90.62118632219408
109,34.25554084233833,32182.70848176464,Marketing,1,2020-04-19,Average,23.859556396917938,90.12074663589668
110,15.812287847009586,92949.62453380751,HR,1,2020-04-20,Needs improvement,23.592301371062096,90.97696554612662
111,34.73486124550783,81909.91605846757,Sales,1,2020-04-21,Needs improvement,23.694653772810174,90.18693142944144
112,35.60230209941027,44016.55068179608,Sales,0,2020-04-22,Great place,23.364670676234336,90.4452740247647
113,59.63242112485286,101350.53132645013,Marketing,1,2020-04-23,I love working here! Best company ever.,23.73850587851052,90.48811754343373
114,33.076390352188774,11523.592518528678,Marketing,1,2020-04-24,I love working here! Best company ever.,23.666617084879373,90.81306279721412
115,38.015473423336125,0.0,IT,1,2020-04-25,Great place,23.119561997752058,90.09922959609464
116,34.65288230294757,0.0,Sales,0,2020-04-26,Great place,23.572642853115585,90.42864427920853
117,23.313219623804677,0.0,HR,0,2020-04-27,Needs improvement,23.25674349630976,90.6285021702362
118,46.42822814515021,0.0,Sales,1,2020-04-28,I love working here! Best company ever.,23.804095669633593,90.21515562162405
119,42.519330326867745,137919.06027009833,IT,0,2020-04-29,Great place,23.42593770846694,90.62746789876607
120,42.910319470430466,,Marketing,0,2020-04-30,Great place,23.99468416519649,90.92366483754965
121,25.90612545205261,6511.693999155837,Marketing,0,2020-05-01,Average,23.092500437938963,90.99751813117267
122,49.02794310936099,30092.162415096547,IT,1,2020-05-02,Great place,23.780347862740157,90.03245107679068
123,20.981489372077192,135810.43269379972,HR,1,2020-05-03,Great place,23.673701733542156,90.23558822824468
124,40.868570938002705,19001.28055283935,Marketing,0,2020-05-04,I love working here! Best company ever.,23.767498830590707,90.3103071157917
125,56.90455625809979,0.0,Engineering,1,2020-05-05,Needs improvement,23.307529795490456,90.39912610044496
126,25.094636748693116,2123.086650052585,Marketing,1,2020-05-06,I love working here! Best company ever.,23.4920544893824,90.24225715758477
127,29.33702270397228,0.0,Engineering,0,2020-05-07,Needs improvement,23.79650851972371,90.20348799455532
128,35.99651365087641,215737.55422666893,IT,0,2020-05-08,Average,23.232541331620855,90.9545538424175
129,29.965243458838007,0.0,IT,1,2020-05-09,Great place,23.226033196788652,90.91852160277051
130,19.493365689338674,247.61114869138078,Marketing,0,2020-05-10,Average,23.551050953294933,90.04699250100312
131,35.68562974806027,151632.03993394077,Sales,1,2020-05-11,Needs improvement,23.523563579529856,90.33881302160485
132,24.37696286273895,0.0,Engineering,1,2020-05-12,I love working here! Best company ever.,23.28226247041293,90.4051485536784
133,39.73592430635182,101216.72834882553,HR,0,2020-05-13,I love working here! Best company ever.,23.298075650524822,90.23901453466594
134,25.80575765766197,30324.613454600476,Marketing,1,2020-05-14,Average,23.277845163206564,90.62887289698817
135,50.499344050175395,36241.803434888556,HR,1,2020-05-15,Needs improvement,23.771512061998486,90.64038074664424
136,27.167467076637628,33554.274975443,Marketing,0,2020-05-16,Average,23.65190086556246,90.8505042283286
137,31.779384837943244,54960.26185327917,Sales,0,2020-05-17,Average,23.832417183410254,90.74086926838521
138,43.135172173696695,7520.872710472859,Sales,0,2020-05-18,Great place,23.97547302831402,90.54257332696595
139,22.69135683566045,0.0,Sales,1,2020-05-19,Average,23.474164296271987,90.65358677004441
140,37.27459934604129,18403.404400689044,Sales,0,2020-05-20,Great place,23.06669388140545,90.27398878154303
141,48.07142754282428,60984.91737704197,IT,0,2020-05-21,Great place,23.048092310412034,90.59305618996736
142,18.925167654387725,11273.152721830518,IT,0,2020-05-22,I love working here! Best company ever.,23.29566503927162,90.48922725474992
143,36.84633858532304,55955.92046659895,Engineering,0,2020-05-23,Great place,23.93254458935245,90.13334446731638
144,37.598827942484235,0.0,HR,1,2020-05-24,Great place,23.523213054970874,90.24254427658298
145,42.8182287177731,4930.319686089349,Marketing,1,2020-05-25,I love working here! Best company ever.,23.27178651608013,90.29169345072158
146,22.63049289121918,55828.95419522681,Marketing,0,2020-05-26,Average,23.399166794511018,90.92430956705256
147,21.795433869157236,0.0,IT,1,2020-05-27,Needs improvement,23.59859510740467,90.23038663938588
148,40.21941565616898,0.0,Marketing,0,2020-05-28,Needs improvement,23.652949658137842,90.28924390281966
149,37.96984673233186,0.0,IT,0,2020-05-29,Needs improvement,23.153919509782906,90.36935413008943
150,37.504928503458764,,Engineering,1,2020-05-30,Average,23.977031676545177,90.66374273862539
151,38.46448209496975,0.0,HR,1,2020-05-31,Great place,23.54477222698279,90.11823839247214
152,28.199752784215093,0.0,Engineering,0,2020-06-01,Needs improvement,23.13568831779228,90.95394521249378
153,37.322536971610035,57481.81174923111,Sales,0,2020-06-02,Average,23.893635253346133,90.86557122009476
154,37.93072473298681,34375.63063057698,Sales,1,2020-06-03,Great place,23.07463843107943,90.57721607300896
155,27.85648581973632,0.0,Sales,0,2020-06-04,I love working here! Best company ever.,23.907735433177514,90.67403786742496
156,53.65774511144757,101591.64546839557,Engineering,1,2020-06-05,Needs improvement,23.996565656288983,90.01666047124422
157,39.73832920911788,42269.45460345029,Marketing,0,2020-06-06,Great place,23.700431799156505,90.33894477534845
158,23.086965027973513,1542.9158866952598,HR,0,2020-06-07,Needs improvement,23.77044722107399,90.79566023066144
159,41.5655360863383,133645.27536495865,Sales,1,2020-06-08,Needs improvement,23.337302836467487,90.07748297379239
160,25.253183297726785,58482.87680055752,Sales,1,2020-06-09,Needs improvement,23.941576852733935,90.28231383421073
161,42.87084603742452,0.0,Sales,1,2020-06-10,Great place,23.529713966108368,90.58529682833431
162,46.58595579007404,12146.599900901198,HR,1,2020-06-11,Average,23.732388446597554,90.25641302769894
163,26.793176816482895,53776.849683404434,Sales,1,2020-06-12,Great place,23.92410771591128,90.93397797414453
164,44.63376129244322,25032.57824479294,HR,1,2020-06-13,Needs improvement,23.975179975975507,90.13105863080429
165,39.12780926936498,52667.55678436183,Sales,1,2020-06-14,Great place,23.833204356596674,90.79739435790778
166,43.2206015999449,5635.653439134802,Engineering,0,2020-06-15,I love working here! Best company ever.,23.30301750698203,90.5079486919064
167,,53624.615923292826,Engineering,0,2020-06-16,Average,23.966547516552083,90.75033077581996
168,32.54611883997129,372086.1454852203,HR,0,2020-06-17,Great place,23.628119531243573,90.31071532831145
169,27.462638356425103,2470.6499447150345,Engineering,1,2020-06-18,I love working here! Best company ever.,23.93064247635196,90.51448960231204
170,26.104855703744768,,HR,1,2020-06-19,Average,23.67610502581435,90.85683534972317
171,26.841897150345616,26120.284122729863,Engineering,1,2020-06-20,I love working here! Best company ever.,23.30723896184772,90.46687809912311
172,34.228982905858956,102301.67305078765,Engineering,0,2020-06-21,Average,23.370024524142817,90.35971986191026
173,38.41151974816644,,HR,1,2020-06-22,Great place,23.550471777102942,90.53615538625273
174,37.766907993300194,41852.75529632762,Marketing,1,2020-06-23,I love working here! Best company ever.,23.79001484155988,90.71736275303637
175,43.27183249036024,67056.33929263293,Engineering,0,2020-06-24,Needs improvement,23.317982551340336,90.4435633454985
176,35.13001891877907,0.0,Sales,1,2020-06-25,I love working here! Best company ever.,23.57973116613419,90.93887697514228
177,49.53534077157317,25887.503932435135,Marketing,0,2020-06-26,Average,23.3456249935764,90.29494582404234
178,32.35343166762044,19802.961239550325,HR,0,2020-06-27,Great place,23.815769404635105,90.47546360616911
179,62.20169166589619,0.0,Marketing,1,2020-06-28,Average,23.46672809376795,90.75692765934144
180,41.25667347765006,0.0,IT,1,2020-06-29,I love working here! Best company ever.,23.076722826852887,90.68912109049576
181,26.428424435837172,71834.1684410256,IT,1,2020-06-30,I love working here! Best company ever.,23.166052521481536,90.86364105241715
182,24.291075019388877,79928.27382238877,Engineering,0,2020-07-01,Needs improvement,23.06110466761963,90.99680918068111
183,39.824724152431855,28598.124837094325,Engineering,0,2020-07-02,Great place,23.499302946014325,90.42685832879509
184,32.76537214674149,,Sales,0,2020-07-03,Great place,23.106337297348226,90.11115087978331
185,42.14000494092092,6403.548132678573,Marketing,1,2020-07-04,I love working here! Best company ever.,23.114139969309633,90.03041588080796
186,39.73237624573545,0.0,IT,1,2020-07-05,Great place,23.94104826003838,90.72687690613976
187,34.271710873431275,288.7652758126927,Engineering,1,2020-07-06,Needs improvement,23.872655072176055,90.87401367130872
188,26.53206281931595,19621.459547159393,Marketing,1,2020-07-07,Average,23.452086596811366,90.22071258594441
189,19.851527753141355,0.0,Engineering,0,2020-07-08,Great place,23.985805320850204,90.1584480371899
190,30.53485047932979,25223.35175943337,Engineering,0,2020-07-09,I love working here! Best company ever.,23.000186528170662,90.0622050915257
191,43.56398794323472,59448.82510155721,IT,0,2020-07-10,Average,23.613979456273395,90.82270292171721
192,37.14093744130204,,IT,0,2020-07-11,Average,23.61642817737187,90.31138193989258
193,22.54261221288012,29773.229278196424,Engineering,1,2020-07-12,Needs improvement,23.457443055869888,90.40169689275977
194,36.73180925851182,13560.532436598896,HR,1,2020-07-13,I love working here! Best company ever.,23.396947972934292,90.5027501916096
195,38.85317379728837,0.0,Engineering,1,2020-07-14,Great place,23.45538313548061,90.83945323420956
196,26.16142563798867,12891.254876652441,Engineering,0,2020-07-15,I love working here! Best company ever.,23.41496043607968,90.65083322156148
197,36.53725105945528,3800.654412769361,Sales,0,2020-07-16,Average,23.7304924774823,90.61506462985781
198,35.58208718446,0.0,Sales,1,2020-07-17,I love working here! Best company ever.,23.135355434973285,90.1756720999559
199,23.57029702169377,55163.07375355345,Sales,1,2020-07-18,Great place,23.19763922059113,90.51318989170983
200,38.577873603482836,48312.18650742091,HR,0,2020-07-19,Great place,23.180518228392422,90.71538101717866
201,40.60784526368234,31133.88075084737,HR,1,2020-07-20,Needs improvement,23.262470585121264,90.97326088303049
202,45.830512431752766,23884.517238994995,Engineering,0,2020-07-21,Great place,23.525258418781583,90.20140630921335
203,45.53802052034903,99510.63609473775,Sales,0,2020-07-22,Great place,23.111208747338218,90.00954335306723
204,21.22330632042909,36602.90274007968,HR,0,2020-07-23,I love working here! Best company ever.,23.868169295326503,90.07530143359847
205,25.621749600848773,32617.719575762472,IT,1,2020-07-24,I love working here! Best company ever.,23.29736153130847,90.37585246518198
206,40.1503526720866,1298.8276971007238,Engineering,1,2020-07-25,Average,23.162537987468706,90.82054464774599
207,40.13785950912209,20870.39407053988,Marketing,0,2020-07-26,Needs improvement,23.67562130959824,90.00714208176825
208,40.150476863060476,0.0,Engineering,1,2020-07-27,I love working here! Best company ever.,23.038086300599318,90.45673059288583
209,73.52731490654722,25443.27570989996,Marketing,0,2020-07-28,Great place,23.619968564874164,90.32923061534139
210,40.70890510693167,43395.552743263535,Sales,0,2020-07-29,Average,23.6981984306765,90.05248171009973
211,46.35565640180599,0.0,Marketing,0,2020-07-30,I love working here! Best company ever.,23.21491653138672,90.45023628667262
212,44.54001763493203,46812.56791374099,Sales,0,2020-07-31,Needs improvement,23.041964073443634,90.25474870733672
213,41.51391251305798,72383.65643934406,IT,1,2020-08-01,Needs improvement,23.36364535891945,90.351884834347
214,31.847307553596544,83828.52007425824,Marketing,0,2020-08-02,Average,23.098594230241936,90.70561530478429
215,42.589692204932675,,Engineering,0,2020-08-03,Average,23.116477849673338,90.52155098391097
216,27.27174785462428,155639.93625021027,Sales,1,2020-08-04,Average,23.254261231444865,90.12464742899282
217,32.63181393259991,920.0422291350013,Engineering,0,2020-08-05,Average,23.29546792462676,90.96141454042363
218,30.146364521708964,0.0,HR,0,2020-08-06,Average,23.52997034102142,90.63591076570974
219,35.81874139386323,379.58092657078447,Sales,1,2020-08-07,Great place,23.678391885503014,90.76586842566253
220,58.146585666735085,52131.64632038758,Marketing,1,2020-08-08,Great place,23.592770940870185,90.07921315000837
221,16.32734807408252,0.0,Sales,1,2020-08-09,I love working here! Best company ever.,23.148360337289517,90.04705837946003
222,41.86260190374514,13951.467213888674,Engineering,0,2020-08-10,Needs improvement,23.172086032452626,90.01944805036808
223,18.872841288103483,0.0,IT,1,2020-08-11,Great place,23.878769249792914,90.18879402777344
224,30.280681342105666,3107.995096936032,Sales,1,2020-08-12,Great place,23.558352315064113,90.41440839771849
225,45.889505969673664,136236.44615000588,Marketing,0,2020-08-13,Great place,23.86993783289769,90.93582613340283
226,35.64280019095463,21664.12396532692,HR,0,2020-08-14,I love working here! Best company ever.,23.371546511319874,90.45705965926578
227,24.222552220706937,5347.023069596843,IT,0,2020-08-15,Average,23.614400007431325,90.29025510537252
228,27.846962907400318,33264.12744497058,HR,0,2020-08-16,I love working here! Best company ever.,23.52366341605461,90.56193525351966
229,41.79597748934676,0.0,Sales,0,2020-08-17,Needs improvement,23.319123489820463,90.1119345781348
230,27.696333682828634,16764.749629583097,Engineering,1,2020-08-18,Needs improvement,23.469915372033597,90.60950589100499
231,37.16458589581975,18357.18935806393,Engineering,1,2020-08-19,Needs improvement,23.502490876826933,90.5684319543305
232,35.45571839903814,,Marketing,1,2020-08-20,Needs improvement,23.20077097475668,90.7919930334057
233,28.48399652394183,38735.356906913024,Engineering,0,2020-08-21,Great place,23.315010372376733,90.98668761161703
234,56.439440893253256,18648.034787672626,IT,0,2020-08-22,Great place,23.791409750506975,90.2508734717161
235,41.33919022318011,47123.238047725616,Engineering,0,2020-08-23,I love working here! Best company ever.,23.915788239454127,90.50965645080376
236,14.74857413342393,62965.58623240507,Marketing,1,2020-08-24,Average,23.3597940935453,90.90886540631901
237,36.86454314769428,0.0,Sales,1,2020-08-25,Needs improvement,23.306972282209017,90.78518988442283
238,28.38213535231612,0.0,Sales,0,2020-08-26,I love working here! Best company ever.,23.195197164571884,90.48740630310081
239,43.52433334796224,6498.947976070027,Engineering,1,2020-08-27,Great place,23.67849116865058,90.94537164961478
240,,9992.678386106936,HR,0,2020-08-28,Great place,23.323099701666337,90.05723669351681
241,33.85263558533101,0.0,Sales,1,2020-08-29,Average,23.987749539099188,90.93099861971258
242,40.049872789804574,10010.328074182362,Engineering,1,2020-08-30,Average,23.325684802063954,90.05050739238281
243,43.657551941701215,37239.224986605004,Marketing,1,2020-08-31,Average,23.394136046782627,90.54730474411468
244,,61729.54997198428,Engineering,0,2020-09-01,I love working here! Best company ever.,23.603334196212035,90.89044094800109
245,31.654987641590516,0.0,Sales,1,2020-09-02,Great place,23.801684293191304,90.2627209435613
246,30.25054688839044,,Marketing,1,2020-09-03,Great place,23.469518665345635,90.47224849894516
247,28.46670767426288,,Engineering,0,2020-09-04,Average,23.422656033788957,90.32432887913697
248,52.65454240281097,164743.1485903963,IT,1,2020-09-05,Needs improvement,23.99563783359481,90.95214391707636
249,39.049817109609556,33038.418566340355,Marketing,0,2020-09-06,Average,23.010493641139945,90.82364559475309
250,22.391160456649548,0.0,IT,0,2020-09-07,I love working here! Best company ever.,23.895065288851246,90.70900151132638
251,44.17861947054776,0.0,HR,0,2020-09-08,Average,23.14914082593974,90.5876269866151
252,56.22156197012633,2219.1524639933064,Marketing,0,2020-09-09,Average,23.785925276208914,90.82059178932415
253,45.32465260551147,50140.299178717614,IT,0,2020-09-10,I love working here! Best company ever.,23.617931559846298,90.39226704152355
254,19.806300340459867,151210.02600623664,Sales,1,2020-09-11,Average,23.34184728549809,90.44755185510606
255,30.157659271337486,46016.42113769123,Sales,0,2020-09-12,Great place,23.873874955521018,90.73000172108087
256,47.669111491866225,85515.11073538645,HR,0,2020-09-13,Needs improvement,23.012907227980993,90.35775476329371
257,27.923305343812192,107797.32650770167,Marketing,0,2020-09-14,Average,23.226690652074925,90.06390094204838
258,39.43819428146229,12943.703291825012,Marketing,0,2020-09-15,I love working here! Best company ever.,23.566892796249537,90.07433460888608
259,42.74634053429337,11915.704709007789,Marketing,1,2020-09-16,Needs improvement,23.351542260049698,90.11536280130571
260,25.73069528421917,47206.35323547652,HR,0,2020-09-17,I love working here! Best company ever.,23.61037749531833,90.86968132334366
261,34.404746439382,26468.87161667886,Marketing,1,2020-09-18,Needs improvement,23.024110193408667,90.4722264257562
262,,0.0,Sales,0,2020-09-19,Needs improvement,23.116458930481713,90.71288236934474
263,24.756123586657104,115140.81768564279,IT,1,2020-09-20,Average,23.12709624021844,90.3929093356049
264,32.4743184860684,21803.023921175736,Sales,0,2020-09-21,Great place,23.18928364591601,90.25871094741564
265,,13516.380730422154,Sales,0,2020-09-22,Average,23.459331440800543,90.34719216756221
266,51.32411303931635,75825.96478962243,IT,1,2020-09-23,I love working here! Best company ever.,23.752128699543572,90.79418234531718
267,,16065.806136708288,Sales,0,2020-09-24,I love working here! Best company ever.,23.9055388379289,90.62521612503144
268,30.59955513303016,86471.44627595175,HR,1,2020-09-25,Needs improvement,23.835372530284246,90.9376397799579
269,36.30740577286091,0.0,IT,0,2020-09-26,Needs improvement,23.196887871775683,90.67970477857683
270,49.412732890661154,55063.27516026851,Sales,1,2020-09-27,Great place,23.44115055223063,90.57018163175469
271,20.641378488205607,0.0,Engineering,0,2020-09-28,Average,23.199411597758534,90.61019600898584
272,46.63163752154959,48889.60345326871,Sales,0,2020-09-29,I love working here! Best company ever.,23.26447181666719,90.94237143946842
273,35.10233061019587,0.0,HR,1,2020-09-30,Needs improvement,23.503546981511885,90.7882009298667
274,25.18491348952049,44168.00520333024,Marketing,0,2020-10-01,Great place,23.068109024723523,90.02404123736643
275,39.62103474263271,0.0,Sales,0,2020-10-02,I love working here! Best company ever.,23.218174329593275,90.5341396961357
276,36.9905969557347,66756.06523742664,Marketing,0,2020-10-03,Needs improvement,23.935378161307117,90.68833841154657
277,28.997831228412053,99314.71316059388,Engineering,0,2020-10-04,I love working here! Best company ever.,23.46611629265849,90.74869847843915
278,35.69802084990019,12214.516334426968,Sales,0,2020-10-05,Great place,23.445386525977874,90.21314211931394
279,31.1468640313824,0.0,IT,0,2020-10-06,Great place,23.01456715475128,90.86717735445136
280,36.13517345251248,1196.1229965786995,Marketing,1,2020-10-07,I love working here! Best company ever.,23.247399747058346,90.95584314717516
281,41.62130674521047,51357.134402479365,Engineering,1,2020-10-08,Average,23.86629243598218,90.23671530584487
282,50.86016816145352,0.0,IT,1,2020-10-09,I love working here! Best company ever.,23.16462842825867,90.88261545751725
283,22.62184501173151,39559.77066917829,IT,0,2020-10-10,Needs improvement,23.41512493953472,90.0969787625161
284,56.330333746562665,13194.83314706444,IT,1,2020-10-11,Average,23.014330905867002,90.05570683611525
285,15.479122004774982,24789.13325326026,IT,0,2020-10-12,Needs improvement,23.478335481670555,90.12922380010275
286,33.482149049644164,0.0,Sales,0,2020-10-13,I love working here! Best company ever.,23.021021106726216,90.05774107946704
287,40.883172064845766,34335.0857495958,Sales,0,2020-10-14,Average,23.8196095530658,90.84501223715577
288,37.809918677350325,220256.65816906633,Sales,0,2020-10-15,Needs improvement,23.824853767487102,90.05905014445827
289,28.773004801794063,0.0,Engineering,1,2020-10-16,I love working here! Best company ever.,23.78774218830237,90.27166419136366
290,32.918777496427246,59395.87812102318,Engineering,0,2020-10-17,I love working here! Best company ever.,23.283364068891117,90.10375634353585
291,30.069990653411672,25902.48004051997,Engineering,1,2020-10-18,Average,23.83723721822182,90.29542203631377
292,29.106352430557884,27948.266282585788,HR,0,2020-10-19,I love working here! Best company ever.,23.54299813260527,90.09055946760093
293,43.496020970210246,63221.14307095265,Engineering,1,2020-10-20,Great place,23.373808108867003,90.66800325074301
294,38.57015485965047,0.0,Sales,1,2020-10-21,Needs improvement,23.62532995970423,90.13332681634257
295,28.07090404739346,236969.34039321847,Sales,1,2020-10-22,Needs improvement,23.012341046060374,90.85184592583889
296,43.995998754332504,0.0,HR,1,2020-10-23,I love working here! Best company ever.,23.142960877600753,90.81719105072663
297,38.072995208766095,,HR,1,2020-10-24,I love working here! Best company ever.,23.742293538170262,90.01366168547061
298,43.1286211883896,0.0,Engineering,1,2020-10-25,Great place,23.24416160871615,90.89572635551511
299,41.29628841923612,43183.362523399024,Marketing,0,2020-10-26,Average,23.59800911732875,90.02894431674336
300,26.710049890779278,,HR,1,2020-10-27,I love working here! Best company ever.,23.38510260282303,90.23964578495756
301,29.398189598030307,4137.534367389873,IT,0,2020-10-28,I love working here! Best company ever.,23.85480577879926,90.032389137776
302,42.472936051232615,4477.543553195397,Sales,1,2020-10-29,I love working here! Best company ever.,23.952415305996645,90.33584348703931
303,41.10370265433465,0.0,IT,0,2020-10-30,I love working here! Best company ever.,23.88356472837019,90.51386652571327
304,34.79098406035852,0.0,Sales,1,2020-10-31,Needs improvement,23.270619994693597,90.79664486901514
305,36.17327383308782,19531.64964737904,Sales,1,2020-11-01,I love working here! Best company ever.,23.19416286904608,90.33798155046983
306,47.77664895788425,12851.591504781665,HR,0,2020-11-02,Needs improvement,23.474434893620735,90.70549002467311
307,29.084286111641703,21924.961740521037,HR,1,2020-11-03,I love working here! Best company ever.,23.00733415083618,90.18750445711898
308,40.470973811700375,3597.5680365814915,IT,1,2020-11-04,Average,23.02580939286318,90.75059845674413
309,32.97807347566106,0.0,Sales,1,2020-11-05,Great place,23.553290639623,90.23599660590924
310,32.8231879677278,0.0,IT,0,2020-11-06,Average,23.520449404165287,90.14354475594376
311,45.9877685198719,80561.10210796261,Marketing,1,2020-11-07,I love working here! Best company ever.,23.99458198903526,90.18540885037406
312,43.2541634898803,13309.865384210301,IT,0,2020-11-08,I love working here! Best company ever.,23.20184183536376,90.18206312888185
313,43.135096360006386,0.0,Engineering,1,2020-11-09,I love working here! Best company ever.,23.25810392916047,90.512862879377
314,48.05478807154329,0.0,IT,1,2020-11-10,Average,23.113540642326285,90.84479758118815
315,,,Engineering,0,2020-11-11,I love working here! Best company ever.,23.917543009653745,90.07960507699251
316,41.81952971294964,38066.781628736586,Engineering,1,2020-11-12,Average,23.77781124445845,90.70695631849343
317,31.89733243406544,,Engineering,1,2020-11-13,Needs improvement,23.82233911145685,90.65434645965286
318,38.24166352488442,0.0,Marketing,0,2020-11-14,Great place,23.90276378796451,90.87251995182936
319,33.698569456323156,55355.457528486804,IT,1,2020-11-15,Great place,23.52489998672584,90.2441475605069
320,35.96995964992718,256974.83373536522,IT,0,2020-11-16,Average,23.451193191450724,90.45010985868502
321,40.95157025436914,0.0,Marketing,0,2020-11-17,Needs improvement,23.330391473665617,90.92582737444351
322,26.817793167665275,0.0,Sales,0,2020-11-18,Average,23.589214614347856,90.65999345013532
323,55.92387275685461,65587.27620964056,HR,1,2020-11-19,Needs improvement,23.45427839678982,90.3887684128616
324,24.93982618500298,31293.646399120444,IT,0,2020-11-20,I love working here! Best company ever.,23.451565586605575,90.13141238285527
325,22.85811387212268,3101.342174160877,HR,0,2020-11-21,Needs improvement,23.93692786373114,90.2624850079006
326,46.581108735000676,41310.71300719805,Marketing,1,2020-11-22,Needs improvement,23.98403151427913,90.58121547748938
327,42.91662693962936,158060.17136476675,Sales,0,2020-11-23,Needs improvement,23.79648438932958,90.71816794756052
328,41.24119817052155,0.0,Sales,1,2020-11-24,Great place,23.75675809024693,90.12442188685189
329,,58559.937923412894,Sales,1,2020-11-25,Needs improvement,23.6805581617791,90.59959726004405
330,34.87753227153085,11215.567187112898,Marketing,1,2020-11-26,I love working here! Best company ever.,23.166074852333512,90.55035127883875
331,26.027456285141685,38374.97130132232,Engineering,1,2020-11-27,I love working here! Best company ever.,23.059105820875654,90.5139554466907
332,35.75804558193726,5083.724185118044,Engineering,0,2020-11-28,I love working here! Best company ever.,23.690726315113263,90.690123117682
333,28.228382884878883,29925.582892294035,HR,0,2020-11-29,Needs improvement,23.728786222256577,90.83744959508346
334,44.75119733417751,0.0,Engineering,0,2020-11-30,Average,23.04697299109814,90.32298968317687
335,33.52942618497861,,Engineering,0,2020-12-01,Average,23.92805175022885,90.88901219011096
336,26.745028032074885,0.0,Sales,0,2020-12-02,I love working here! Best company ever.,23.091140639444678,90.16063361261855
337,31.786141583470066,79347.13214581751,Sales,1,2020-12-03,Great place,23.2859005337712,90.17302386975116
338,39.12931454275624,130986.73463521045,HR,0,2020-12-04,Average,23.672389812798706,90.26677206362392
339,29.36275447196025,13370.584385777782,IT,0,2020-12-05,Needs improvement,23.169872594404477,90.11953086954708
340,26.777796044335687,0.0,HR,0,2020-12-06,Average,23.055415888442244,90.23031922468287
341,,8268.26726612014,HR,1,2020-12-07,I love working here! Best company ever.,23.33114648916415,90.10641176290285
342,37.44966571108723,0.0,Marketing,1,2020-12-08,Great place,23.76597157485518,90.82175241698539
343,29.9305682462887,130865.45485792862,Marketing,0,2020-12-09,Average,23.41367867898526,90.13896899188663
344,30.28961694381677,38821.77993995613,HR,1,2020-12-10,Average,23.65297292190794,90.74729755755986
345,37.32049937357636,92268.54960309858,HR,0,2020-12-11,I love working here! Best company ever.,23.579619097228136,90.04791386791334
346,20.519156585026757,36798.34776491431,HR,0,2020-12-12,Great place,23.02221848202558,90.94852032751392
347,20.925362256234447,48853.24243108654,Engineering,1,2020-12-13,Great place,23.988539987045705,90.71116008752777
348,27.81555778747564,0.0,Marketing,1,2020-12-14,I love working here! Best company ever.,23.041428088819387,90.00679654858611
349,32.86552848288153,70380.07175778695,HR,0,2020-12-15,Needs improvement,23.967802737648483,90.76385650020022
350,38.10907565598005,0.0,Sales,0,2020-12-16,Average,23.5498641783644,90.51408192076619
351,49.753562169495524,0.0,Sales,1,2020-12-17,Needs improvement,23.963159027065068,90.77936517033513
352,43.576596232020194,76169.45335093325,Engineering,0,2020-12-18,Average,23.114753599413834,90.5224968088906
353,33.40061470036573,0.0,Engineering,1,2020-12-19,Average,23.490408519185515,90.64102485763536
354,34.80983792097311,1841.518402577656,IT,0,2020-12-20,Needs improvement,23.16950409186606,90.78633165539505
355,24.97470635362191,0.0,IT,1,2020-12-21,I love working here! Best company ever.,23.050974877022444,90.40510805458786
356,34.8148686400761,15266.006958956374,IT,0,2020-12-22,I love working here! Best company ever.,23.61752911506231,90.00270814982045
357,32.11341361079862,0.0,Engineering,0,2020-12-23,Average,23.207783420961693,90.84994649594519
358,38.227185603380896,4586.182028618881,Engineering,1,2020-12-24,I love working here! Best company ever.,23.587697018287546,90.38089036262467
359,26.72769056447677,0.0,Engineering,0,2020-12-25,Average,23.112364481948987,90.49604272601658
360,40.193465142411725,40349.65093815907,Sales,0,2020-12-26,I love working here! Best company ever.,23.331986471432703,90.00776664215397
361,50.32738913002578,18229.90609738011,Engineering,1,2020-12-27,Average,23.781632558053246,90.49209201035009
362,33.91239851543143,0.0,Sales,0,2020-12-28,I love working here! Best company ever.,23.43705152184219,90.98648740157174
363,39.01711722098941,29638.18011213151,IT,0,2020-12-29,Great place,23.627745414897337,90.27826766081877
364,41.90143991711113,45888.8835110396,IT,0,2020-12-30,Needs improvement,23.647457940745547,90.39541827024237
365,30.987795281141636,0.0,IT,1,2020-12-31,Great place,23.843755043987294,90.68718999646867
366,37.24092481810417,0.0,HR,1,2021-01-01,Needs improvement,23.324922794406643,90.81479366752366
367,35.12592400781795,34354.62564603948,HR,1,2021-01-02,Needs improvement,23.687295562582516,90.4173916240061
368,35.97676098548832,0.0,Marketing,0,2021-01-03,Average,23.961615807046165,90.3096688704013
369,27.269902161445337,0.0,Marketing,0,2021-01-04,Needs improvement,23.73024333435787,90.93782579998506
370,35.245101742589426,11691.934191971593,Marketing,0,2021-01-05,Great place,23.489870476717744,90.67714496667168
371,39.979982912454496,133389.9730294427,HR,0,2021-01-06,Great place,23.63071744449193,90.11902130449315
372,49.51143607795042,6185.638975497147,HR,1,2021-01-07,I love working here! Best company ever.,23.739682897763107,90.06892787813464
373,44.59270826085207,0.0,Marketing,0,2021-01-08,Great place,23.612275765693873,90.48354985079037
374,56.531824575115564,23952.080933354857,Marketing,0,2021-01-09,I love working here! Best company ever.,23.01667581348984,90.22009006604728
375,27.326524371119504,0.0,Engineering,0,2021-01-10,Needs improvement,23.194773497687226,90.25398475337626
376,,101269.14595778134,Marketing,1,2021-01-11,Great place,23.810468217215465,90.87769217882784
377,36.83342005738352,81975.63291787238,Engineering,0,2021-01-12,Needs improvement,23.272650647312485,90.08956602431631
378,56.89802933217672,78039.63467821306,Sales,0,2021-01-13,Great place,23.731562119561133,90.7153641152289
379,26.917017146448487,18169.093479589337,HR,0,2021-01-14,Great place,23.372120215241697,90.27114225338059
380,26.60278157819224,4219.066460037473,Marketing,0,2021-01-15,I love working here! Best company ever.,23.52188432815794,90.76032822140414
381,29.00607354555978,25790.24823711498,HR,0,2021-01-16,Needs improvement,23.067973299819403,90.72241138446354
382,13.76104275690193,,HR,1,2021-01-17,Great place,23.18122556104971,90.0073919014443
383,29.74244978319239,59364.1575488737,HR,0,2021-01-18,Average,23.957196963519234,90.5091354129216
384,27.40867338446302,21240.02131065532,Sales,0,2021-01-19,Needs improvement,23.890138053446915,90.13931948237804
385,36.50393786476208,185679.51510635414,IT,0,2021-01-20,Needs improvement,23.65227511089905,90.86622703057867
386,38.41755975777159,51217.755726806216,Marketing,0,2021-01-21,Needs improvement,23.459644597385736,90.8715858828624
387,53.761708392158866,,IT,0,2021-01-22,I love working here! Best company ever.,23.675761292895224,90.41834580749376
388,44.5042383818605,0.0,IT,0,2021-01-23,Average,23.61861028909394,90.44439561845108
389,29.23096344337597,0.0,IT,0,2021-01-24,Needs improvement,23.56855225560461,90.30328293940453
390,26.01585328651642,0.0,HR,0,2021-01-25,Great place,23.05917707186354,90.71660629896003
391,39.919191715065054,0.0,Engineering,0,2021-01-26,Great place,23.632802610661507,90.35866136302646
392,21.797667929793576,46602.327491249525,HR,0,2021-01-27,I love working here! Best company ever.,23.768920044571168,90.26779247452264
393,53.31458765854354,0.0,HR,1,2021-01-28,Great place,23.994081654645576,90.4322310595045
394,46.79440120721287,0.0,IT,1,2021-01-29,Needs improvement,23.01107855259431,90.09148751838745
395,30.308243478952953,34914.627410819725,HR,1,2021-01-30,Great place,23.730173453310677,90.7466032046442
396,17.868654709091224,25429.99078347839,IT,1,2021-01-31,Needs improvement,23.57178931593598,90.0125964012718
397,48.538723741654124,7913.105552263051,Engineering,0,2021-02-01,Great place,23.434052176080957,90.6444850615206
398,33.85460154747382,22906.474122836575,Marketing,1,2021-02-02,Average,23.12757017457137,90.18286452675487
399,47.378163119734616,0.0,IT,1,2021-02-03,I love working here! Best company ever.,23.409085148634876,90.23240404621441
400,19.05572341205633,1307.5439984406323,Engineering,0,2021-02-04,I love working here! Best company ever.,23.354377182986134,90.63563199864004
401,29.006249770462272,7260.901616428179,Marketing,1,2021-02-05,Average,23.302829888978742,90.9929434657829
402,35.05243699718183,164997.6669988554,Sales,1,2021-02-06,Average,23.730879623322206,90.77771748907256
403,35.46980593764742,0.0,IT,0,2021-02-07,I love working here! Best company ever.,23.700725521284262,90.2258396322234
404,30.499345285207564,0.0,IT,0,2021-02-08,Average,23.589020090980913,90.17602475504114
405,41.228499323474985,,Sales,0,2021-02-09,Needs improvement,23.93866481329337,90.86623287026767
406,24.323795706174057,0.0,Sales,1,2021-02-10,Great place,23.349854384180855,90.4441839479215
407,33.576205149787064,35275.34873886499,IT,1,2021-02-11,I love working here! Best company ever.,23.24380193771018,90.13705280282815
408,36.20295631711899,0.0,Sales,0,2021-02-12,Average,23.6559033130984,90.86221142332194
409,40.14438834058749,5583.725029919597,HR,0,2021-02-13,Needs improvement,23.1988140609374,90.81609235291427
410,,51197.460219874636,Marketing,1,2021-02-14,I love working here! Best company ever.,23.315010507183423,90.98390636389716
411,23.753579081621307,12169.748099916533,Marketing,0,2021-02-15,Average,23.224602440074886,90.90974368671269
412,19.658858292643778,48325.014225288185,Marketing,1,2021-02-16,I love working here! Best company ever.,23.0691535677185,90.85179033866054
413,47.77676821898509,0.0,HR,0,2021-02-17,Average,23.827498741635672,90.052574397811
414,38.323140119795916,8245.197577722322,Sales,0,2021-02-18,I love working here! Best company ever.,23.25454054292166,90.10441536949811
415,27.515134634434464,3165.6104475265693,Engineering,1,2021-02-19,Needs improvement,23.47302750334302,90.56898319430412
416,50.51151975522523,75879.77466119651,Sales,0,2021-02-20,Needs improvement,23.04331527325431,90.53147924628182
417,36.156746342928585,0.0,IT,0,2021-02-21,Great place,23.699339466252642,90.45796321448954
418,46.792971840638266,2996.1950051907925,Marketing,0,2021-02-22,I love working here! Best company ever.,23.33056100230629,90.39678932541459
419,35.67518481410109,263596.59883683326,Sales,1,2021-02-23,Great place,23.74473672782921,90.43121048486432
420,55.60747924881987,2975.8540712211843,Engineering,0,2021-02-24,I love working here! Best company ever.,23.412403060467867,90.5692979341348
421,52.55340842443204,59377.95067500756,IT,0,2021-02-25,Average,23.195755606405626,90.00207651760009
422,32.51035851520926,205764.90388284766,HR,0,2021-02-26,Average,23.513175082282036,90.26070877413285
423,44.71570950954356,13667.930847857351,HR,0,2021-02-27,Great place,23.13050455963744,90.51827972068871
424,41.45375949585147,7672.0930616792475,Engineering,0,2021-02-28,I love working here! Best company ever.,23.440539159872994,90.72221609867364
425,48.68631557532349,6470.420301200467,IT,0,2021-03-01,Great place,23.317305477420486,90.1741566923954
426,25.350765394198955,18068.23529705549,Marketing,1,2021-03-02,Needs improvement,23.911959584199632,90.54688117378743
427,41.86051459998439,0.0,Sales,1,2021-03-03,Great place,23.06092872172072,90.71445968388578
428,45.58424486849588,0.0,IT,0,2021-03-04,Great place,23.69401741410574,90.4446276579139
429,17.412605135768857,3215.8231899763546,HR,1,2021-03-05,Average,23.182751165987437,90.02708113367005
430,23.16741487334225,35608.56262173184,Engineering,1,2021-03-06,Great place,23.31904507433224,90.44926815846564
431,14.607678222398995,285643.9943399967,Engineering,0,2021-03-07,I love working here! Best company ever.,23.415514063062066,90.29644488774416
432,32.305931655554424,,Sales,1,2021-03-08,Average,23.908015089374974,90.92964960770132
433,42.17542255795962,47754.103830993685,Engineering,1,2021-03-09,Great place,23.242578266073824,90.12461338567833
434,50.02357052096028,18282.441654349263,Engineering,1,2021-03-10,Needs improvement,23.09130880254467,90.65247595550723
435,35.74094780419775,48894.45714095118,IT,1,2021-03-11,Great place,23.318689603990524,90.0527197663345
436,51.286155455712915,37437.37779397671,Marketing,1,2021-03-12,Great place,23.104675970535535,90.4461704378127
437,21.198985417851084,27763.558065834786,Sales,1,2021-03-13,Great place,23.128596485960554,90.55397948722008
438,17.966175606448452,7003.946293017256,IT,1,2021-03-14,Average,23.573850597975028,90.29795493131687
439,34.44452301103381,108843.55299060237,Marketing,1,2021-03-15,I love working here! Best company ever.,23.060901933099494,90.45507563552039
440,38.840654489393074,29872.27648963911,IT,0,2021-03-16,Needs improvement,23.030930881393566,90.16355379453019
441,34.67305251905907,0.0,IT,0,2021-03-17,Great place,23.7144141014705,90.30412384946804
442,,22924.259169146764,Engineering,1,2021-03-18,I love working here! Best company ever.,23.361647094841043,90.6211063249102
443,34.10879960487212,26732.8467310067,Marketing,1,2021-03-19,I love working here! Best company ever.,23.125375349233874,90.30180005586115
444,21.95530499495147,87878.88755452666,Sales,0,2021-03-20,Average,23.253612770859707,90.89974307840887
445,41.69672548830039,66140.51614296391,Sales,1,2021-03-21,Needs improvement,23.6420865073524,90.62840695764099
446,,73332.9163085096,Marketing,1,2021-03-22,Average,23.27553656714085,90.43864901843598
447,,554.6280010766932,Engineering,0,2021-03-23,I love working here! Best company ever.,23.494521125120407,90.03875693555418
448,29.861330826633065,26905.90132204877,HR,0,2021-03-24,I love working here! Best company ever.,23.12169530672667,90.49954833520466
449,24.407864781110483,32825.73605190803,IT,0,2021-03-25,I love working here! Best company ever.,23.588093637605446,90.7647762421251
450,34.37320902726828,968.941973322315,Engineering,1,2021-03-26,Average,23.316077683843265,90.2655575980124
451,44.551423205012384,,Marketing,1,2021-03-27,Needs improvement,23.626968434528717,90.80677356964877
452,25.142739536644562,71416.2340857189,IT,0,2021-03-28,Great place,23.80839488230402,90.25180676605088
453,40.040465155178445,7373.385866694463,Sales,0,2021-03-29,Average,23.61164641938999,90.8237463879508
454,29.69742381627559,,HR,1,2021-03-30,I love working here! Best company ever.,23.29574756259502,90.08526834161168
455,27.071271677376558,12116.437803844688,Sales,0,2021-03-31,Average,23.2557437015483,90.86618370886903
456,33.929696400454425,609.741512438881,Marketing,1,2021-04-01,I love working here! Best company ever.,23.32742095873345,90.49918645093334
457,24.647576775806257,0.0,IT,1,2021-04-02,Great place,23.164620513236503,90.29653758962026
458,29.463506946528177,0.0,Marketing,0,2021-04-03,Great place,23.18117185085002,90.26511325041515
459,23.021221074111516,80857.65789807736,IT,0,2021-04-04,Needs improvement,23.79069110190017,90.43201055893036
460,54.64725132916389,0.0,Engineering,1,2021-04-05,I love working here! Best company ever.,23.384732576507446,90.99904949810364
461,35.35263551971729,33457.2812055584,HR,0,2021-04-06,Needs improvement,23.435995180570586,90.22032739343759
462,28.002744920074143,5811.872709759626,Engineering,0,2021-04-07,Needs improvement,23.594049465566812,90.103216648879
463,37.13979910734222,39699.17385008472,Engineering,0,2021-04-08,Great place,23.58965349515155,90.58503516871866
464,33.8767195030917,30291.381554346426,Marketing,0,2021-04-09,Average,23.067376871521926,90.48854246644025
465,32.79030400466777,0.0,HR,1,2021-04-10,Average,23.831540786337666,90.5241962710633
466,41.14166700043425,5161.615804331192,IT,1,2021-04-11,Needs improvement,23.17732655322394,90.66693541755721
467,42.57507710047305,33495.08678149231,IT,1,2021-04-12,Great place,23.723071636049667,90.26714406987065
468,,8128.8091858962225,Sales,1,2021-04-13,I love working here! Best company ever.,23.772670988128166,90.91066499538388
469,29.2418175935532,19628.12975068522,IT,0,2021-04-14,Average,23.714899534091312,90.4356720661223
470,32.24948302848356,,Marketing,0,2021-04-15,Needs improvement,23.578977646554144,90.12908619514246
471,11.98078835264415,32314.909664580886,Engineering,1,2021-04-16,Average,23.014608997108883,90.74229875673394
472,19.84808937801448,23571.29482107963,Engineering,1,2021-04-17,Average,23.360375492363172,90.64310435261785
473,48.66874267444525,25083.07700792891,Engineering,0,2021-04-18,I love working here! Best company ever.,23.60483942936258,90.31574340248403
474,51.449677135012834,,HR,1,2021-04-19,Great place,23.38745129592254,90.62151872403405
475,32.50963960443622,76859.7100947232,IT,1,2021-04-20,I love working here! Best company ever.,23.863479894912814,90.21986195636897
476,40.765569630557664,0.0,Marketing,0,2021-04-21,Great place,23.308802275349617,90.44483935934053
477,38.112501545435364,155427.903151115,HR,1,2021-04-22,Average,23.29353479245866,90.89941252216732
478,,77300.48152278487,Sales,0,2021-04-23,Needs improvement,23.265997693092658,90.13353423316074
479,46.195749114345766,18946.531280202562,Marketing,0,2021-04-24,I love working here! Best company ever.,23.332780868960796,90.38669644998747
480,33.72082408519233,58259.196734051024,Marketing,1,2021-04-25,Great place,23.557404964314188,90.82114242472035
481,25.444595593995743,28777.374668244694,Marketing,0,2021-04-26,Average,23.70701529427259,90.96949089940618
482,18.935536797424277,0.0,Engineering,1,2021-04-27,Great place,23.662567917738784,90.4539261364218
483,,91902.18630952892,Marketing,0,2021-04-28,Great place,23.80771781998148,90.50699962014335
484,27.436492547156966,,IT,1,2021-04-29,Great place,23.885913995497425,90.57217196178377
485,20.77746290402326,116018.1046520186,Marketing,1,2021-04-30,Average,23.81607904234335,90.93234814163371
486,28.534271157574736,30946.29674196398,Engineering,1,2021-05-01,Needs improvement,23.018945403374353,90.85820679097704
487,24.18451996385605,50695.38156672787,Marketing,0,2021-05-02,Needs improvement,23.73591795355199,90.17060112462164
488,51.871416350725646,53845.561785813115,Sales,0,2021-05-03,Needs improvement,23.208399573618333,90.43675781784708
489,43.816397569494505,112745.84490295104,Sales,1,2021-05-04,Great place,23.13292804270798,90.46400042819643
490,34.92027358683383,0.0,Engineering,0,2021-05-05,Average,23.638488784799137,90.78909611164876
491,49.79944138890026,47587.2932055436,IT,1,2021-05-06,Great place,23.319743195407696,90.60289288260543
492,35.77368307647618,3448.86003909527,IT,1,2021-05-07,Needs improvement,23.057117163370442,90.65422046202902
493,26.387157986717362,36532.90209946091,HR,0,2021-05-08,Needs improvement,23.137629734398363,90.99819990766562
494,50.23124077269657,8135.888687831075,Engineering,1,2021-05-09,Average,23.000929416869962,90.07496004347001
495,40.38910043684659,66862.59595713725,Marketing,0,2021-05-10,Great place,23.90322362734471,90.22300982353373
496,24.627538456735437,35894.73661627142,Engineering,1,2021-05-11,I love working here! Best company ever.,23.02461798384124,90.40789593737155
497,33.09661321916392,0.0,HR,0,2021-05-12,I love working here! Best company ever.,23.20945576950951,90.34778240304888
498,26.24381746615243,2128.3059708177175,Engineering,1,2021-05-13,Needs improvement,23.41626278068791,90.02164556134699
499,21.17200269035664,4430.196733423926,Engineering,1,2021-05-14,Average,23.35657132595082,90.09177760647117
500,44.26177547531641,,HR,0,2021-05-15,Great place,23.911725876912776,90.68095329140358
501,54.094166404701305,3740.721481731317,IT,1,2021-05-16,Great place,23.04028894573454,90.87932446336256
502,21.01432426180859,3696.146343450604,Marketing,1,2021-05-17,Needs improvement,23.512214707677053,90.51422701126597
503,40.62969236690571,0.0,HR,0,2021-05-18,Needs improvement,23.680479462524374,90.53919107951363
504,28.49357430878173,0.0,Sales,1,2021-05-19,Great place,23.931697973681167,90.25509343283238
505,30.12874616235304,66876.80215078304,IT,0,2021-05-20,Great place,23.62037125212372,90.76787636363372
506,29.07606075761131,21789.88178668496,Sales,1,2021-05-21,Needs improvement,23.803755236011764,90.75179458736726
507,26.36009230320184,17586.89906150494,IT,0,2021-05-22,Great place,23.08372493784535,90.58836568921765
508,35.48521627944827,21516.322533344002,Marketing,1,2021-05-23,I love working here! Best company ever.,23.38593951093693,90.21266428651134
509,26.69049883588962,0.0,Marketing,1,2021-05-24,Needs improvement,23.373947134479067,90.0970182182371
510,37.704568257798385,54142.45088142516,Engineering,1,2021-05-25,Great place,23.886288216455718,90.06423857585713
511,34.49761890550863,10240.357755499981,Sales,0,2021-05-26,Needs improvement,23.151371171263275,90.59269606664287
512,32.6105195313359,9564.644072751096,IT,0,2021-05-27,Average,23.15188617233663,90.8250353191428
513,25.924363379584022,5178.974559716974,Marketing,0,2021-05-28,Needs improvement,23.328558149885797,90.85833043178093
514,29.232286694316674,,HR,0,2021-05-29,Needs improvement,23.054466047366837,90.46362207434345
515,42.55391225825756,0.0,Marketing,1,2021-05-30,Average,23.18245804065249,90.78427129930672
516,,15397.397477679515,HR,1,2021-05-31,I love working here! Best company ever.,23.965209638545737,90.94688019634103
517,25.22444755201449,1058.3709225807563,IT,0,2021-06-01,Great place,23.42818393986717,90.27517011248807
518,35.99332305429226,0.0,Marketing,0,2021-06-02,Average,23.632019208422438,90.39796034638076
519,42.51387123371789,0.0,Marketing,0,2021-06-03,Needs improvement,23.726111259344638,90.93147899259668
520,18.305947188786284,17509.42826518127,IT,1,2021-06-04,Great place,23.3669614070072,90.33823096731729
521,40.43360192379935,73315.20216520102,Marketing,0,2021-06-05,Average,23.147227074410516,90.9138762903218
522,28.373762410541534,48996.6252744019,HR,0,2021-06-06,Great place,23.20658101622178,90.98104486225446
523,40.70598668593159,24058.457791466288,Marketing,1,2021-06-07,Great place,23.313266476580612,90.66181072857442
524,27.36740843457483,11513.900947795177,Sales,1,2021-06-08,Average,23.636068420352224,90.81689028950417
525,16.95117899335481,6470.504452855058,Engineering,0,2021-06-09,Great place,23.398280549089055,90.74954556422108
526,18.724575621168373,47727.281423974026,HR,1,2021-06-10,I love working here! Best company ever.,23.00681469790013,90.69953425761553
527,35.48084946661382,74501.42791704588,Sales,0,2021-06-11,Average,23.523407185067473,90.30693107298123
528,37.59722501721482,51627.78167818545,IT,1,2021-06-12,I love working here! Best company ever.,23.921513391907418,90.05709433790794
529,,,HR,0,2021-06-13,Needs improvement,23.81207761100868,90.34305173251965
530,41.38592458777374,0.0,Engineering,0,2021-06-14,Great place,23.82521137125963,90.6669359852039
531,18.3847993773104,172870.5764876777,Engineering,0,2021-06-15,Needs improvement,23.79505801760613,90.1025291982278
532,,0.0,IT,0,2021-06-16,Needs improvement,23.323730825610422,90.01191798297825
533,,17323.64643188236,IT,1,2021-06-17,Great place,23.76519383375439,90.13969237260294
534,28.48163892197841,0.0,HR,1,2021-06-18,Average,23.14316135781119,90.7157359264108
535,,0.0,Marketing,1,2021-06-19,Great place,23.657716147275952,90.97279370165644
536,26.395866347160478,43664.275102242515,IT,1,2021-06-20,Needs improvement,23.641568566684995,90.98306469961481
537,31.154444557701748,68930.83141025073,Marketing,0,2021-06-21,Needs improvement,23.025569799089734,90.49397914914019
538,45.0629280921444,0.0,Sales,0,2021-06-22,Average,23.78797013359093,90.86935230099235
539,29.231081304768512,53425.29453740248,Engineering,1,2021-06-23,Great place,23.90324810509513,90.7368264557515
540,43.35692112065142,6853.783099019248,Marketing,1,2021-06-24,Needs improvement,23.267415278472107,90.50104023698461
541,23.70293145342382,20644.694615775414,Engineering,1,2021-06-25,I love working here! Best company ever.,23.81239072418615,90.57276053295509
542,40.298041779152825,131612.57532121032,Marketing,1,2021-06-26,Needs improvement,23.08240597186195,90.13722714661687
543,49.415686206579004,12719.819393547197,Sales,1,2021-06-27,Needs improvement,23.599967858261067,90.9376614606166
544,10.283554998727105,23274.055470633983,IT,0,2021-06-28,Average,23.485646865334278,90.35192977073177
545,27.031047445295233,28288.46133593655,Sales,0,2021-06-29,I love working here! Best company ever.,23.545923533309,90.44614925645718
546,40.7707212718054,0.0,IT,0,2021-06-30,Needs improvement,23.926205201884343,90.6716602309979
547,32.96954613957007,0.0,IT,1,2021-07-01,Needs improvement,23.871315247246855,90.33390247152656
548,38.71145873371309,0.0,Engineering,1,2021-07-02,I love working here! Best company ever.,23.785083657239756,90.25425916098894
549,28.960148132841795,13767.436213709321,Sales,1,2021-07-03,Great place,23.27369845767837,90.63104939327022
550,35.865897874729,6477.046900247617,Marketing,1,2021-07-04,Great place,23.911818628686092,90.02498408228185
551,33.44322764607921,10999.332594693238,Sales,0,2021-07-05,Needs improvement,23.097507692463875,90.72072511202668
552,46.67782061659807,,Engineering,0,2021-07-06,Needs improvement,23.853329216558787,90.51402336987651
553,37.54420843301213,51896.20405381139,IT,1,2021-07-07,Great place,23.328160072353608,90.60575373052093
554,38.37602662075202,16837.08889395092,Engineering,0,2021-07-08,Average,23.053772311661984,90.63188015924689
555,30.881230338775325,,HR,0,2021-07-09,I love working here! Best company ever.,23.66935698424075,90.52705015649256
556,,98797.33695998476,HR,1,2021-07-10,I love working here! Best company ever.,23.231279928315956,90.58253377744073
557,30.67441812180379,93707.40639905377,Marketing,1,2021-07-11,Average,23.243571125864634,90.68378820088988
558,38.944521423782966,125619.9771637116,Engineering,1,2021-07-12,Average,23.306047166228772,90.75311884717968
559,30.79015519179737,14533.728620730772,Marketing,1,2021-07-13,Average,23.063684767502515,90.72745239128612
560,37.89774856896413,70333.41104115277,Marketing,1,2021-07-14,Average,23.177127144198256,90.86961645773226
561,55.75400798645439,30859.28539260571,HR,1,2021-07-15,Average,23.00513962758556,90.1894434331674
562,43.711247034316926,92257.55435367259,Marketing,0,2021-07-16,Average,23.445409521105788,90.4011479694918
563,31.73976467832159,65187.94009673784,HR,0,2021-07-17,I love working here! Best company ever.,23.08425537741797,90.94779606601446
564,47.012139221639444,0.0,IT,1,2021-07-18,Average,23.6826526050442,90.39659057438632
565,30.919246269784487,53379.20953421046,Engineering,0,2021-07-19,Great place,23.23562285119165,90.12487007690592
566,14.618754648221461,0.0,Marketing,1,2021-07-20,Average,23.94357414403518,90.52544512636219
567,24.91913689082596,39375.85120961023,HR,1,2021-07-21,Average,23.871251627398653,90.10949097255447
568,16.292080789741444,208896.32975084728,Sales,1,2021-07-22,I love working here! Best company ever.,23.28944089496821,90.20285323872787
569,31.484865159586914,138539.96940037163,Marketing,1,2021-07-23,I love working here! Best company ever.,23.783215454656677,90.99831875657095
570,35.184183791895514,2206.6723058793036,IT,0,2021-07-24,Average,23.803244904664805,90.54136263839614
571,,9005.090057537745,IT,1,2021-07-25,I love working here! Best company ever.,23.98656311411441,90.28405838904042
572,38.269273737641626,7062.557007634263,Sales,0,2021-07-26,Needs improvement,23.597839986845685,90.99477495457391
573,32.80899471191136,0.0,HR,1,2021-07-27,I love working here! Best company ever.,23.081965734643664,90.96655891855514
574,43.294055811834895,0.0,Marketing,1,2021-07-28,I love working here! Best company ever.,23.64683722892638,90.44073904108426
575,12.88864690992115,,HR,1,2021-07-29,I love working here! Best company ever.,23.624979748376035,90.26040310878791
576,37.356145581085656,35246.08069197645,IT,0,2021-07-30,I love working here! Best company ever.,23.638350577420432,90.83839963809218
577,42.708651938869664,0.0,HR,1,2021-07-31,Great place,23.30714564810421,90.71562071697178
578,20.214137542201584,65988.18093235882,IT,1,2021-08-01,Great place,23.859679585080332,90.6869414350035
579,46.43754043206929,39070.207247689745,HR,1,2021-08-02,Great place,23.959472182955412,90.89311374132247
580,38.38496407494414,44622.32522850161,Sales,0,2021-08-03,Average,23.217712512978153,90.68941713387133
581,30.847120860991986,0.0,Engineering,0,2021-08-04,Average,23.088152158136644,90.28379794304155
582,41.32781866106285,17658.942500081026,Sales,0,2021-08-05,Needs improvement,23.194535033168485,90.69386316187573
583,57.70692857804396,41622.990373407774,Sales,1,2021-08-06,Great place,23.820552139255717,90.30581351128366
584,36.81866255058495,58379.68155484062,Engineering,0,2021-08-07,Average,23.676644634819848,90.759238979657
585,37.48220586300336,103305.70375537263,Engineering,1,2021-08-08,I love working here! Best company ever.,23.636047342339126,90.61974785449156
586,30.40639100459756,50570.10774374272,Marketing,0,2021-08-09,I love working here! Best company ever.,23.401793135109425,90.07741155198475
587,26.501556305352082,71590.0189792763,Marketing,0,2021-08-10,Great place,23.577827971511436,90.51283536243514
588,43.303358165442454,8721.93352445619,Sales,1,2021-08-11,Needs improvement,23.307874125274367,90.34330096919574
589,26.439161740911327,0.0,Sales,0,2021-08-12,Needs improvement,23.477200079417962,90.3285706327323
590,35.715662372193925,468.7716082228078,IT,1,2021-08-13,I love working here! Best company ever.,23.793063028370657,90.60225630237726
591,30.223425532348834,14163.183367893345,IT,1,2021-08-14,Needs improvement,23.981241597455462,90.32232482446942
592,39.78979825746392,0.0,Marketing,0,2021-08-15,Great place,23.9324889235898,90.77689374820487
593,38.33662105286948,0.0,Marketing,1,2021-08-16,I love working here! Best company ever.,23.93386594284625,90.07079143601118
594,45.375399442578995,5222.385485554639,IT,1,2021-08-17,Average,23.402223734847112,90.66038825239582
595,29.89983601145253,25665.962836070965,IT,0,2021-08-18,Average,23.46878988050679,90.80919480365674
596,32.30125064706629,80489.64094508742,HR,0,2021-08-19,Needs improvement,23.705635396368983,90.67283168992043
597,25.212362842176926,11410.043063078187,HR,1,2021-08-20,I love working here! Best company ever.,23.922191928051284,90.49722919502
598,30.557067399238882,40493.595617380786,IT,0,2021-08-21,I love working here! Best company ever.,23.141994259352085,90.95030701373618
599,38.77300493044852,66038.68412840678,HR,1,2021-08-22,Average,23.304241863827194,90.29993848979807
600,42.56988616645352,47853.74185823829,Engineering,1,2021-08-23,I love working here! Best company ever.,23.13924684459411,90.01916788752497
601,25.778346758223748,0.0,Marketing,0,2021-08-24,I love working here! Best company ever.,23.612008529959454,90.43198937146344
602,43.6960592010566,0.0,Marketing,0,2021-08-25,I love working here! Best company ever.,23.306300996887536,90.03301193590033
603,48.55637858804951,76575.66874469937,IT,0,2021-08-26,Needs improvement,23.326107852512575,90.9539367525264
604,39.13434903223701,40397.21675980883,Sales,0,2021-08-27,I love working here! Best company ever.,23.07091595948798,90.20991804574805
605,53.76795812558066,262.1667917122488,IT,1,2021-08-28,Great place,23.34979606180759,90.78892702394887
606,27.26210800896427,71562.65334138118,HR,1,2021-08-29,Needs improvement,23.862496507401584,90.77457208317436
607,22.55345296688583,1797.4938655777103,Sales,0,2021-08-30,I love working here! Best company ever.,23.233072811890835,90.21772889968294
608,17.212797510957213,68468.6730676522,HR,0,2021-08-31,I love working here! Best company ever.,23.695187466210065,90.62122653048017
609,49.96044311489183,11312.453432593607,Engineering,1,2021-09-01,Great place,23.62962834493859,90.04807896848645
610,41.54365656354058,0.0,HR,1,2021-09-02,Needs improvement,23.863484608369117,90.48357458570386
611,34.44415329089545,22938.60706448017,Engineering,1,2021-09-03,Average,23.132287947651037,90.01464712727248
612,37.799686263198204,19795.417215167818,Engineering,1,2021-09-04,Average,23.977589960345043,90.92114388018084
613,23.745109527016233,0.0,HR,0,2021-09-05,Needs improvement,23.582628646040366,90.97608602419957
614,59.45751979616826,18235.659317442864,HR,1,2021-09-06,I love working here! Best company ever.,23.995474152346816,90.22228276663859
615,36.292211819752275,104636.78060883195,Engineering,1,2021-09-07,I love working here! Best company ever.,23.91151472586585,90.20810603459637
616,36.09394794604893,0.0,Sales,0,2021-09-08,Average,23.221517272113104,90.75372017656213
617,42.25766623898692,22967.788413439004,Engineering,1,2021-09-09,Average,23.056162009903314,90.25337939882934
618,39.810092317367136,29765.703025518476,Marketing,1,2021-09-10,Average,23.255639093795363,90.89507655916185
619,37.23884024279131,,Engineering,0,2021-09-11,Great place,23.52756364899942,90.57392913612298
620,27.095255445546883,108663.78397315071,Sales,0,2021-09-12,Average,23.17159636706519,90.35077762301032
621,39.714683571359956,44952.551433930836,Marketing,0,2021-09-13,Great place,23.167459744517988,90.83269374634942
622,53.82024496475034,24840.029972796572,IT,1,2021-09-14,Needs improvement,23.462593547105154,90.4934067004134
623,48.454200461549775,26604.322157516865,IT,1,2021-09-15,I love working here! Best company ever.,23.03326797116936,90.91163291370847
624,50.93186626639397,0.0,Sales,0,2021-09-16,Average,23.12188808253227,90.92801423672938
625,29.88784323568815,161.17266761173124,Engineering,0,2021-09-17,I love working here! Best company ever.,23.415861339407947,90.1654201521284
626,25.10395179741419,48325.19594462926,HR,1,2021-09-18,I love working here! Best company ever.,23.063129909207966,90.00232340613194
627,33.74213079900352,21963.480586487476,Sales,0,2021-09-19,Average,23.39675505645553,90.9839309401424
628,35.557249122886944,79041.8744055398,Marketing,0,2021-09-20,Average,23.474006265948447,90.90613753612747
629,45.94191518470949,0.0,Marketing,0,2021-09-21,Needs improvement,23.451266614073113,90.05544523570384
630,18.075353702851807,0.0,IT,1,2021-09-22,Great place,23.869174857403088,90.83303426394107
631,50.29550319460614,0.0,Marketing,1,2021-09-23,Great place,23.530062455051734,90.45780493255921
632,33.419921014210104,51406.599823732235,Sales,1,2021-09-24,I love working here! Best company ever.,23.467980462478042,90.25896160502498
633,30.7311893005258,3352.608925534093,Marketing,1,2021-09-25,Average,23.410709245391665,90.87874652367692
634,24.878956247398325,0.0,Sales,1,2021-09-26,Needs improvement,23.817623378304486,90.19666723239031
635,18.451433281342307,0.0,HR,1,2021-09-27,Needs improvement,23.895056603999834,90.94729999942007
636,43.231705839619146,41124.0946550342,IT,0,2021-09-28,Needs improvement,23.853242469197117,90.20562148769935
637,35.73317967188404,,Marketing,1,2021-09-29,Needs improvement,23.67354657813139,90.61368318772874
638,22.10039100258946,56422.8528911877,Sales,1,2021-09-30,Needs improvement,23.137361745968676,90.22308633452897
639,22.04921227936384,81734.96550579964,Engineering,0,2021-10-01,Great place,23.27686996949201,90.54566866496863
640,31.642153007098717,0.0,IT,1,2021-10-02,Great place,23.046063063681977,90.68397512991514
641,51.69021525289393,0.0,HR,1,2021-10-03,Great place,23.930824074990113,90.19022793082014
642,32.40408648636395,34483.23081298047,Sales,0,2021-10-04,Average,23.66079852969091,90.52088578270067
643,19.96857046881894,4009.4593731684563,HR,0,2021-10-05,I love working here! Best company ever.,23.746362884313243,90.46905974439012
644,32.54256935914056,3016.75130375288,HR,0,2021-10-06,Needs improvement,23.311571739582227,90.07103742140335
645,32.27276430252329,0.0,Marketing,1,2021-10-07,Average,23.845653522277342,90.8183078176753
646,8.031133570584284,76831.90946985042,Marketing,0,2021-10-08,Needs improvement,23.25960328370848,90.33568240064284
647,34.45705133482188,61495.46920103921,Sales,1,2021-10-09,Great place,23.00164375711245,90.57458219755188
648,32.69065469791322,,Engineering,1,2021-10-10,Average,23.376414962520695,90.51478423493313
649,,36414.7916607594,Sales,1,2021-10-11,Great place,23.570761480959074,90.51326050457044
650,53.48956094945345,29008.69559489516,Engineering,1,2021-10-12,Needs improvement,23.47870485796552,90.10722239420849
651,46.26565029547757,7976.319211344142,HR,0,2021-10-13,Needs improvement,23.862076142576598,90.42348200924933
652,32.31111309445169,19889.190766618263,IT,0,2021-10-14,I love working here! Best company ever.,23.105405285956166,90.45236675920657
653,23.934740912583298,28459.77086096166,Sales,1,2021-10-15,Needs improvement,23.553823440633725,90.73364284036445
654,60.733598032498605,0.0,Sales,0,2021-10-16,Great place,23.512979349820906,90.8400188319207
655,35.59218434014488,0.0,Engineering,1,2021-10-17,Needs improvement,23.281392982172164,90.54498227810002
656,35.13929291912946,45593.189022938044,HR,1,2021-10-18,I love working here! Best company ever.,23.82222811257701,90.08678295406499
657,34.758749128899964,66526.54534548505,HR,1,2021-10-19,I love working here! Best company ever.,23.752848655882207,90.23684947059655
658,36.98084760767855,320273.64403170714,Engineering,0,2021-10-20,Great place,23.73285918733183,90.16493402685273
659,33.556395880760576,135237.78022021576,HR,1,2021-10-21,Average,23.876192478269555,90.12461506318913
660,29.263379931197637,51440.115490143624,Marketing,1,2021-10-22,Needs improvement,23.72278460062152,90.3658992986178
661,29.531410587596078,27344.06549742989,IT,0,2021-10-23,I love working here! Best company ever.,23.231841291714726,90.22939350215438
662,34.672467297840015,50554.43978899272,Sales,0,2021-10-24,Needs improvement,23.70556271164969,90.21830311181151
663,29.565752288662352,77007.63173715463,IT,0,2021-10-25,Needs improvement,23.307702813389845,90.05469317457627
664,27.871542173228356,0.0,Sales,0,2021-10-26,Average,23.242174650347472,90.01767004479544
665,36.064302276918966,26373.577558486442,Marketing,1,2021-10-27,I love working here! Best company ever.,23.073003592899628,90.10276824264979
666,32.450227825791444,91567.32559190152,HR,0,2021-10-28,Needs improvement,23.744028580347678,90.17219747942363
667,50.039929885826886,24211.85851424566,Engineering,1,2021-10-29,I love working here! Best company ever.,23.71100096194981,90.4309837288482
668,8.490301916069882,42416.68481050225,Marketing,0,2021-10-30,Great place,23.234499477674095,90.51052026129885
669,45.91506851922462,44308.614126586945,IT,0,2021-10-31,Great place,23.749379016724156,90.14059191817337
670,47.46085192497629,10196.236897517547,Engineering,0,2021-11-01,Needs improvement,23.917840883093554,90.42478334152419
671,14.266097675918505,22489.30472744652,HR,0,2021-11-02,I love working here! Best company ever.,23.10802895749158,90.34174884232593
672,31.573124059196513,,Marketing,0,2021-11-03,Needs improvement,23.232636638386776,90.18342364349796
673,31.285591340042085,0.0,Engineering,0,2021-11-04,I love working here! Best company ever.,23.750260794087314,90.00684074814836
674,20.924883052821787,1224.459563526516,Marketing,1,2021-11-05,I love working here! Best company ever.,23.274506673507076,90.46701786652174
675,27.221833124091248,89099.48060695697,Marketing,0,2021-11-06,Average,23.624663974283717,90.6856517492652
676,23.894241545341714,15946.310321501753,HR,0,2021-11-07,Average,23.081164224463713,90.2262773341438
677,52.52270443423623,36498.72968592603,Sales,0,2021-11-08,Average,23.452202479103537,90.13180682989668
678,44.35678393147461,17742.79950399465,Engineering,0,2021-11-09,Needs improvement,23.739091421992953,90.88704274444696
679,47.71555094994159,141239.80180792615,HR,1,2021-11-10,Average,23.686513943043252,90.2750247724878
680,42.21672064043235,15007.760910029716,Marketing,0,2021-11-11,Average,23.815072100675806,90.22361261979266
681,23.709482287827708,28075.85082092952,HR,0,2021-11-12,Great place,23.87745212660317,90.85709693960992
682,29.754797337202262,0.0,Sales,0,2021-11-13,I love working here! Best company ever.,23.773183501258757,90.81710709916676
683,39.89374561227918,92236.99354910641,Engineering,0,2021-11-14,I love working here! Best company ever.,23.671587742938925,90.44834647052464
684,22.778721911080545,,Sales,1,2021-11-15,Average,23.03172249181603,90.48923886142778
685,42.12998430172388,81137.12886243968,IT,0,2021-11-16,I love working here! Best company ever.,23.534966673409443,90.21774870483402
686,32.59674601841865,30641.707324122748,Engineering,1,2021-11-17,Great place,23.037697724914853,90.07830167047956
687,31.251791924504026,32982.609877689625,Sales,0,2021-11-18,Great place,23.808067817116022,90.57343182535566
688,42.10959968203491,,Marketing,1,2021-11-19,Average,23.32072452445996,90.09834492159021
689,39.4426331148604,4201.782103666168,Engineering,1,2021-11-20,Great place,23.562429374117922,90.44927454695664
690,31.3903383418092,65086.505072571956,Engineering,0,2021-11-21,I love working here! Best company ever.,23.279445307318902,90.94049719851301
691,46.59329803364248,34304.720729842506,HR,0,2021-11-22,Needs improvement,23.782500144380293,90.95283438917059
692,24.189366724001026,28710.525207056566,Marketing,1,2021-11-23,I love working here! Best company ever.,23.8865025266419,90.23933228654735
693,41.15935606944264,65375.6800657519,IT,1,2021-11-24,Needs improvement,23.398642494213064,90.62411342004566
694,40.93101257968384,72517.73494836927,Sales,0,2021-11-25,Average,23.86292239351099,90.47407626410786
695,31.904535606860097,8652.721538019974,HR,1,2021-11-26,Needs improvement,23.26707500745633,90.87568512758611
696,38.26133022242118,0.0,Sales,1,2021-11-27,Great place,23.534660923075524,90.27143086427606
697,22.48886423614697,0.0,IT,1,2021-11-28,I love working here! Best company ever.,23.858761429838705,90.00370240683242
698,44.24027019206901,,IT,0,2021-11-29,Needs improvement,23.32588134261579,90.16256120593141
699,33.15097863557011,53494.705030797195,Engineering,1,2021-11-30,I love working here! Best company ever.,23.954042265078087,90.3495228011694
700,29.772769794809605,156881.6392980162,IT,1,2021-12-01,Average,23.121879501781383,90.3157211297705
701,45.49009225836889,3572.545375426614,Sales,1,2021-12-02,Average,23.018275069723508,90.79136291912289
702,27.95656309457241,2937.3513412418733,Marketing,0,2021-12-03,Great place,23.90413535257819,90.68056066613883
703,20.915387036364404,16577.314679743202,Marketing,0,2021-12-04,Average,23.068648666147872,90.2995563196149
704,,15170.63656781916,Engineering,1,2021-12-05,Needs improvement,23.991889195947493,90.45774381716622
705,41.06009951345639,0.0,Sales,0,2021-12-06,Average,23.951396861979106,90.09555910395834
706,22.19570647503717,0.0,Sales,1,2021-12-07,Great place,23.13702091003632,90.8981464448201
707,52.54794181984364,14353.859428180333,IT,0,2021-12-08,I love working here! Best company ever.,23.537584625692567,90.93542482444853
708,14.18070592116278,15869.25878270974,Sales,0,2021-12-09,I love working here! Best company ever.,23.184920297467144,90.97980353538094
709,51.96456368290038,71230.61267985805,HR,1,2021-12-10,Average,23.42815517303012,90.86855283078583
710,37.11017467202618,29868.20494325285,IT,0,2021-12-11,Needs improvement,23.06142512925983,90.17396088769623
711,34.032868881296075,74964.31991292298,HR,0,2021-12-12,Great place,23.22392458779659,90.04619648320163
712,29.550809131910505,3380.021938096258,Engineering,0,2021-12-13,Needs improvement,23.3632727963989,90.57959672741268
713,38.991361143520706,0.0,Marketing,1,2021-12-14,Great place,23.438647500246056,90.91260502688311
714,34.62365297575152,1709.5762468974915,Engineering,0,2021-12-15,Average,23.977496258208895,90.17735136165975
715,46.03301882016521,3235.097575531596,Marketing,0,2021-12-16,Great place,23.807865645683982,90.00704291462414
716,36.142276486620396,118456.2559072742,Engineering,1,2021-12-17,Great place,23.737409944311946,90.80549604603225
717,36.50301761461878,7497.289952322251,Sales,0,2021-12-18,Average,23.537041314741973,90.07679568428674
718,31.36387787786144,38009.314053110495,HR,0,2021-12-19,Needs improvement,23.839997760604344,90.41370603191002
719,,26474.57109592807,Marketing,0,2021-12-20,Average,23.33932283565571,90.67888733718878
720,38.07801768892059,21335.202779726827,IT,0,2021-12-21,Great place,23.708899112773317,90.23679758545617
721,17.898316073433744,0.0,HR,0,2021-12-22,Average,23.99378397537817,90.08396256344673
722,21.51814577894287,1103.2524677500767,IT,1,2021-12-23,Great place,23.314628908935198,90.77002122845583
723,42.43264094022715,54500.91904163448,HR,1,2021-12-24,Average,23.674017534883966,90.63017508488704
724,36.708654381279416,0.0,HR,0,2021-12-25,I love working here! Best company ever.,23.844314864152384,90.9884904844868
725,33.16016663647321,41068.1430140426,Engineering,0,2021-12-26,I love working here! Best company ever.,23.915807583350674,90.34430803331996
726,35.184339330653934,138090.32264595595,Marketing,0,2021-12-27,Average,23.717932690940103,90.0617623862902
727,38.47581705361671,2683.6419147912025,Marketing,1,2021-12-28,Needs improvement,23.283607923417136,90.7343500353353
728,29.602403196906387,27132.442614864805,HR,1,2021-12-29,Great place,23.326282151568947,90.52173341885324
729,27.216952745976872,0.0,Sales,0,2021-12-30,I love working here! Best company ever.,23.020758032123965,90.21320393138913
730,36.958452550976816,,Sales,0,2021-12-31,Needs improvement,23.76088597767151,90.78172898900476
731,25.21627222384968,198953.8089420841,IT,1,2022-01-01,Great place,23.04273960606195,90.20375548584994
732,39.082527557144715,14821.34737918257,IT,0,2022-01-02,I love working here! Best company ever.,23.864652354602747,90.26066165483293
733,17.974163957621595,0.0,Engineering,1,2022-01-03,I love working here! Best company ever.,23.11866061447454,90.09252855436672
734,45.29155637325644,11038.420756713982,HR,1,2022-01-04,Average,23.171876512135924,90.39943227903086
735,39.72597482413043,41658.43710739792,IT,0,2022-01-05,Great place,23.476526470832237,90.41892922393743
736,37.56029734313876,31174.758408616093,IT,1,2022-01-06,Needs improvement,23.737880415168743,90.5145617903483
737,44.82690983945514,178787.05654540577,HR,0,2022-01-07,Needs improvement,23.139002205199077,90.70896426712378
738,51.65474444462576,46891.971401886665,Engineering,0,2022-01-08,Needs improvement,23.4400710750665,90.90610092868043
739,45.1437006501813,21501.188837645528,IT,0,2022-01-09,Great place,23.482851274410105,90.1377340988878
740,16.591257686683548,0.0,Engineering,0,2022-01-10,Needs improvement,23.21228564166859,90.05434809834865
741,,0.0,Marketing,0,2022-01-11,Needs improvement,23.11555837668063,90.01853123359433
742,28.751814223043212,12765.063757044116,Engineering,0,2022-01-12,Needs improvement,23.83642092298564,90.14362137806881
743,,0.0,Sales,1,2022-01-13,Average,23.502465649762765,90.65794948578163
744,40.17659020469123,95061.77471315552,Sales,1,2022-01-14,Average,23.014381235984153,90.7274770779965
745,27.742561868465344,,Engineering,1,2022-01-15,Great place,23.802981301309103,90.78650571352813
746,36.86766764477078,37052.93223927217,Sales,1,2022-01-16,Great place,23.980793805414585,90.24370821190435
747,27.446170676466775,6095.325317064895,Marketing,0,2022-01-17,Needs improvement,23.60592619541425,90.30589481326152
748,28.884821970080516,0.0,HR,1,2022-01-18,Average,23.50370838708407,90.4831346455655
749,20.933389031517777,64153.38059369303,Sales,1,2022-01-19,I love working here! Best company ever.,23.87841586304496,90.06318309686023
750,25.767667538890958,,Sales,1,2022-01-20,I love working here! Best company ever.,23.952516789684598,90.61114152321124
751,21.483153943836662,61521.84503012271,Engineering,0,2022-01-21,Needs improvement,23.75453691590246,90.98373503367576
752,25.241267470226674,0.0,Marketing,1,2022-01-22,Needs improvement,23.445452929734287,90.360806311378
753,45.536417966078396,4262.937273483413,HR,0,2022-01-23,Average,23.59222139933144,90.75284747509139
754,25.50601111168057,30652.20603033512,Engineering,1,2022-01-24,Average,23.700935365017997,90.5000339155696
755,61.32382064837391,33149.940920746754,Engineering,0,2022-01-25,Average,23.1942735710018,90.12781184436038
756,39.93317900880889,0.0,Marketing,0,2022-01-26,Great place,23.447201032216437,90.58223744880259
757,36.84836123694874,145659.8463699748,HR,1,2022-01-27,Great place,23.829821264717285,90.29987426844407
758,26.416422198187867,94847.79041173424,Marketing,0,2022-01-28,Needs improvement,23.65472534849844,90.03440320845345
759,42.003098794089915,55285.219513010896,HR,0,2022-01-29,Great place,23.411204067211855,90.63492973011775
760,29.243621737622263,31022.311983444284,Marketing,1,2022-01-30,Average,23.66336253401468,90.85893234932473
761,,26531.4835878422,Engineering,1,2022-01-31,Average,23.11822241207246,90.34476976689987
762,60.60084538268795,52630.36671570293,Engineering,1,2022-02-01,Great place,23.401497610564878,90.39029554721277
763,34.0394010027535,0.0,IT,0,2022-02-02,I love working here! Best company ever.,23.793128537963057,90.8910216829672
764,46.49273326285676,3214.8265013563278,Sales,0,2022-02-03,Needs improvement,23.220508787136648,90.81360881336735
765,27.968235748741126,35923.52109670177,Marketing,0,2022-02-04,I love working here! Best company ever.,23.18596150755742,90.71495282355178
766,34.65011509503038,82098.98941840662,IT,1,2022-02-05,Needs improvement,23.950818659916433,90.24879706375314
767,52.7080063563551,0.0,Sales,0,2022-02-06,I love working here! Best company ever.,23.20989762958623,90.91021665496665
768,28.730329422122324,0.0,Marketing,0,2022-02-07,Great place,23.260918579650166,90.15441575753921
769,53.12448557996929,77154.00534056185,HR,0,2022-02-08,Needs improvement,23.969615938904337,90.62677051941722
770,42.07751935455475,0.0,Sales,0,2022-02-09,Needs improvement,23.734708570265024,90.02880118054652
771,29.375332241057322,14962.154537418512,Engineering,0,2022-02-10,Needs improvement,23.699596533023527,90.64371980632495
772,,8998.597170870082,IT,0,2022-02-11,Average,23.85292638385458,90.27714435187336
773,44.7255444962673,20039.93052358571,Sales,0,2022-02-12,Average,23.115823082236794,90.44967697718371
774,41.21809962217196,70683.5873908258,Sales,1,2022-02-13,I love working here! Best company ever.,23.705956236580008,90.34526455205706
775,,0.0,Engineering,1,2022-02-14,Great place,23.50368860932824,90.17275675624622
776,27.728628241751316,11463.19173935442,Marketing,1,2022-02-15,Average,23.82915064028414,90.62198079009387
777,32.52481364448495,105117.12006327439,HR,0,2022-02-16,Needs improvement,23.508141718665193,90.88197555514061
778,34.25566570899954,105839.25255399171,Engineering,0,2022-02-17,Average,23.620241354268913,90.9590842422824
779,41.206720975506784,102234.00900512183,HR,1,2022-02-18,Great place,23.477742126399537,90.19234636315392
780,36.777010009332535,13642.708320346039,Marketing,0,2022-02-19,Average,23.478158923555846,90.71737277406298
781,21.64655641289899,30004.644821614653,Sales,1,2022-02-20,Needs improvement,23.76796997806183,90.66433936660569
782,38.801978510059634,0.0,HR,0,2022-02-21,I love working here! Best company ever.,23.628566400647284,90.34337778957457
783,41.10585745283823,73923.21860913893,IT,0,2022-02-22,Needs improvement,23.63326320160941,90.01909919935373
784,40.5979044793104,1377.1639318440762,IT,1,2022-02-23,Great place,23.450282483831526,90.68979124731287
785,45.807807255546216,3371.3793909555257,Engineering,1,2022-02-24,I love working here! Best company ever.,23.53110949633753,90.9454948605595
786,43.33922154548904,31174.654888553145,Marketing,1,2022-02-25,Average,23.745717666204786,90.63212012191565
787,39.59180079228437,119965.92748268404,Engineering,1,2022-02-26,Average,23.82594091911192,90.43529272418763
788,34.29834288541353,38685.52930019602,Engineering,1,2022-02-27,Average,23.696561402144045,90.52515389411163
789,18.390390664840087,34439.0869524446,Engineering,0,2022-02-28,I love working here! Best company ever.,23.924072988845683,90.19962880765992
790,39.296182191325855,5573.048725830221,IT,0,2022-03-01,Needs improvement,23.820324088147203,90.75054416375374
791,37.076876871631114,53469.19715654812,IT,0,2022-03-02,I love working here! Best company ever.,23.561863789809518,90.74641983000986
792,37.715788371953735,86327.57253150998,Engineering,1,2022-03-03,I love working here! Best company ever.,23.671406072643737,90.14551730038743
793,22.232514241796906,,IT,1,2022-03-04,Great place,23.926308276921198,90.87797838249966
794,24.189434595917376,74718.89591691858,Marketing,1,2022-03-05,I love working here! Best company ever.,23.619168044243057,90.2691897394733
795,45.53152853332904,0.0,Engineering,1,2022-03-06,Average,23.82480694797983,90.98225606093662
796,34.60444846143345,11393.137155670654,IT,1,2022-03-07,Needs improvement,23.688810503589988,90.38290301403724
797,,37046.50388510679,HR,1,2022-03-08,Needs improvement,23.551936361060466,90.1778840587345
798,35.28318376130461,16923.368344452694,Engineering,0,2022-03-09,Needs improvement,23.241838195415355,90.35172011134566
799,35.297561394957455,0.0,Engineering,0,2022-03-10,Average,23.425997519468428,90.4401803286972
800,44.382838059759976,43089.342046982245,Marketing,0,2022-03-11,Average,23.967742824833717,90.06930777303829
801,29.839552717826262,0.0,Sales,0,2022-03-12,Average,23.6577653832726,90.5782183812233
802,35.96120776940983,0.0,Sales,0,2022-03-13,Average,23.56439538033899,90.5976324398689
803,30.377247112949576,25206.60979608902,Marketing,1,2022-03-14,Average,23.932956625528227,90.73893045534948
804,30.655037725676845,123308.21063064827,Marketing,1,2022-03-15,I love working here! Best company ever.,23.586511781037448,90.02916989229074
805,31.908278765313607,,Marketing,1,2022-03-16,Average,23.526082518417404,90.54123821443383
806,37.22133771633713,0.0,Sales,1,2022-03-17,Average,23.759310855150204,90.05290743327066
807,30.212513783365225,59519.7892248194,Marketing,1,2022-03-18,Average,23.712665618986545,90.70114421996665
808,47.55756125573521,78814.99229619774,IT,1,2022-03-19,Average,23.193160008408434,90.05572798570098
809,26.053926977804963,19045.577239785514,Engineering,0,2022-03-20,Needs improvement,23.47130827457412,90.91172784834163
810,33.13128355838641,97308.24902566812,Engineering,1,2022-03-21,Average,23.472515442819585,90.7020825668845
811,30.60268941725825,,HR,1,2022-03-22,I love working here! Best company ever.,23.378224515243346,90.50738976508515
812,49.46977884353733,16210.69797852322,HR,1,2022-03-23,I love working here! Best company ever.,23.517293482152255,90.44150392328118
813,36.965547765115744,0.0,Engineering,1,2022-03-24,I love working here! Best company ever.,23.413107397727146,90.13067263041326
814,45.31844539468635,7582.5295190252755,IT,0,2022-03-25,Great place,23.199345489471185,90.29099938956466
815,20.14439626963028,11283.31581573379,Sales,0,2022-03-26,Needs improvement,23.41236648727468,90.86895910502089
816,37.67050265869259,0.0,Sales,1,2022-03-27,Average,23.072276947573176,90.90445281156249
817,43.89630795623437,0.0,IT,0,2022-03-28,Great place,23.57578586277441,90.00074770837053
818,,53108.11942673517,Sales,0,2022-03-29,Average,23.853654548941112,90.59413639147755
819,45.654803750653514,0.0,Marketing,1,2022-03-30,Great place,23.725287084354555,90.71930060902511
820,29.827115498996278,29019.809744493596,Engineering,1,2022-03-31,Great place,23.36039404005411,90.61874698245761
821,49.0934744018558,0.0,Engineering,1,2022-04-01,I love working here! Best company ever.,23.08707120557731,90.08167976486635
822,57.9889812361925,4357.701266682868,IT,1,2022-04-02,I love working here! Best company ever.,23.20214939922527,90.2177248987989
823,31.37161439560341,,Sales,1,2022-04-03,Great place,23.545490340494837,90.25034026738139
824,30.54497478599228,81380.9942226804,HR,0,2022-04-04,I love working here! Best company ever.,23.207057083383035,90.8317246313051
825,49.53384477117701,35180.76640409181,HR,1,2022-04-05,Great place,23.543973111284966,90.46319943630893
826,50.795721457307124,0.0,Sales,1,2022-04-06,Needs improvement,23.2315990247639,90.48682821194123
827,29.771399728467316,27043.71135146974,HR,1,2022-04-07,I love working here! Best company ever.,23.848923869476074,90.9348930465545
828,30.798131829041427,0.0,IT,0,2022-04-08,I love working here! Best company ever.,23.39727147284046,90.63708588885471
829,32.18215391139493,0.0,IT,1,2022-04-09,I love working here! Best company ever.,23.245550625944492,90.89866770155267
830,21.55549488965723,50347.88547467605,Sales,1,2022-04-10,Needs improvement,23.812326180247062,90.45650885534154
831,25.813480535158018,9073.389785331738,HR,1,2022-04-11,Great place,23.342838964805452,90.14943625851829
832,24.95859233247932,106822.93120440278,IT,0,2022-04-12,Average,23.111487687838782,90.92993559407408
833,27.322024348958713,27886.22656751126,IT,1,2022-04-13,I love working here! Best company ever.,23.57040949140364,90.45870511566754
834,34.65315112613219,8850.78722413422,Marketing,1,2022-04-14,Great place,23.58156420443799,90.18163142187882
835,37.342147325365204,634.3834561467812,Marketing,1,2022-04-15,Needs improvement,23.714695675235735,90.30239574030392
836,50.50500492814077,41021.27208569378,IT,0,2022-04-16,Average,23.240219433208384,90.05080258968894
837,25.01645959261209,37475.25573292516,Sales,1,2022-04-17,I love working here! Best company ever.,23.443771339092244,90.46830059145638
838,44.843223984765835,0.0,Engineering,1,2022-04-18,Needs improvement,23.282367919042656,90.85312817191024
839,32.86011155774491,,Engineering,1,2022-04-19,Needs improvement,23.08095373611569,90.9335804560067
840,34.50536290347567,4136.8400090274745,IT,0,2022-04-20,Average,23.87661382701589,90.93260220750365
841,41.74819492166604,65744.56468802963,IT,1,2022-04-21,Great place,23.72886980448834,90.12523002562875
842,23.772779784377015,10376.549707763457,IT,1,2022-04-22,I love working here! Best company ever.,23.3014630594588,90.38205388251106
843,38.82409746184051,0.0,Sales,1,2022-04-23,I love working here! Best company ever.,23.599372992871988,90.0282287596507
844,36.66452208213056,85480.46073055023,Marketing,0,2022-04-24,Great place,23.201263788134472,90.85516534497147
845,39.92451264008149,0.0,IT,0,2022-04-25,Great place,23.890236621795772,90.35875576202127
846,37.89168643907818,0.0,IT,1,2022-04-26,Great place,23.11490634336191,90.63111702789223
847,59.55300139910894,0.0,HR,0,2022-04-27,Average,23.003837145507802,90.71489843807728
848,28.62260015748684,0.0,Sales,0,2022-04-28,Average,23.502008197739183,90.42984466974316
849,29.690030449981823,0.0,IT,0,2022-04-29,I love working here! Best company ever.,23.58312782345287,90.30644233655025
850,28.768594735752355,30741.31592120413,HR,1,2022-04-30,Average,23.578965320295804,90.96221291011595
851,29.445228808397452,0.0,Engineering,1,2022-05-01,Needs improvement,23.054511927437826,90.96448822502386
852,,34081.927704243215,IT,0,2022-05-02,I love working here! Best company ever.,23.314043806918434,90.28943636803002
853,46.89016531107552,0.0,IT,0,2022-05-03,Average,23.499198946841332,90.47962509674446
854,49.20504247989855,20414.057023216683,HR,0,2022-05-04,Great place,23.21657918562724,90.97284415866002
855,,9543.59594706478,Sales,1,2022-05-05,Needs improvement,23.872625885485895,90.00486840765551
856,26.676444268957713,0.0,IT,1,2022-05-06,Great place,23.087109289461434,90.41267824837915
857,39.71415556386404,87428.7386642449,Engineering,0,2022-05-07,I love working here! Best company ever.,23.48738444167204,90.10045754968097
858,29.477769557190285,5303.45380490442,IT,0,2022-05-08,Great place,23.691416057513152,90.50915796556261
859,41.32931817755511,0.0,Engineering,0,2022-05-09,Average,23.261751100134482,90.02466995454049
860,,7655.926703041757,Marketing,0,2022-05-10,Average,23.624240736997518,90.40689843139063
861,19.84255885002768,0.0,Marketing,1,2022-05-11,I love working here! Best company ever.,23.829385150142375,90.22069907478533
862,50.47505201330061,29923.767396010608,Engineering,0,2022-05-12,Great place,23.190336975095047,90.53330836245874
863,52.95877673095522,0.0,Sales,1,2022-05-13,I love working here! Best company ever.,23.91722059182486,90.9959936491007
864,28.872113095156138,52655.31627677508,IT,0,2022-05-14,Great place,23.553558532662358,90.80053610512675
865,31.12298440064016,0.0,IT,0,2022-05-15,Needs improvement,23.29923200430106,90.84564209162443
866,37.85865390724905,21722.16857034855,Marketing,0,2022-05-16,Average,23.43085827538227,90.63526498735908
867,38.34456789987025,92083.49225171542,Engineering,0,2022-05-17,I love working here! Best company ever.,23.312191883786387,90.04155984827226
868,41.5854427267283,31865.492202196307,IT,0,2022-05-18,Needs improvement,23.725111159933316,90.20679767604415
869,55.102045387663495,193412.12082974456,IT,1,2022-05-19,Needs improvement,23.79630066341513,90.92506455644705
870,33.2305277250595,50275.51885048863,Sales,0,2022-05-20,I love working here! Best company ever.,23.832937392318662,90.36611311792875
871,27.017027554615463,0.0,HR,0,2022-05-21,I love working here! Best company ever.,23.985768249585742,90.1036367264808
872,21.20680771985473,56377.997225537765,Marketing,0,2022-05-22,Needs improvement,23.791284292496684,90.7024053658662
873,27.69069960058081,19659.834845980513,Marketing,1,2022-05-23,Great place,23.601384070688564,90.29945772393425
874,34.66873027126203,57970.24320124432,HR,1,2022-05-24,Needs improvement,23.339220298391783,90.26885691290417
875,52.94557863517788,,IT,1,2022-05-25,I love working here! Best company ever.,23.544595448710748,90.99797745555826
876,29.823887009638284,0.0,Sales,1,2022-05-26,Needs improvement,23.041068172790407,90.85813892502665
877,37.237879516388986,96805.95255090651,Sales,0,2022-05-27,Great place,23.744825075529914,90.40793781836784
878,34.83577103927248,12885.427165339244,Marketing,0,2022-05-28,Average,23.4459555450921,90.9802612078165
879,,90712.8706056416,Sales,0,2022-05-29,Average,23.02002322973219,90.65011322341921
880,60.26932425873622,16374.956968937366,HR,1,2022-05-30,Needs improvement,23.06250694151041,90.74202245187976
881,29.691312270796793,51484.43838751174,IT,0,2022-05-31,Great place,23.387466463821756,90.03151304308221
882,30.10560557481778,0.0,HR,0,2022-06-01,Average,23.583421519018437,90.12160525934806
883,45.44160877069072,,Engineering,1,2022-06-02,Needs improvement,23.464203948952125,90.63308512649624
884,41.81891489626312,0.0,Marketing,1,2022-06-03,Needs improvement,23.619204317292155,90.89902398264948
885,53.46707325736034,11953.76300823429,Sales,1,2022-06-04,Great place,23.480294258791357,90.6237437260876
886,40.839281853259635,1687.630960528036,Engineering,0,2022-06-05,I love working here! Best company ever.,23.661703845481348,90.134024894319
887,31.407079092129404,18116.430595060465,Sales,0,2022-06-06,Needs improvement,23.2191260646708,90.11576004624632
888,40.90654830692309,52944.987304611,IT,1,2022-06-07,I love working here! Best company ever.,23.11284318718362,90.84418589582408
889,46.087035805829075,139277.4722954687,IT,0,2022-06-08,I love working here! Best company ever.,23.59643395462566,90.13930233870792
890,43.204821811973645,102476.46330481996,IT,1,2022-06-09,Average,23.484689516936307,90.52023196050402
891,40.07274031107298,72635.5512373689,Sales,1,2022-06-10,I love working here! Best company ever.,23.026867654044935,90.0371133199623
892,45.666746895891535,77664.06717068507,Engineering,0,2022-06-11,Great place,23.380481885493037,90.08066976739117
893,46.692955904456724,0.0,IT,1,2022-06-12,Average,23.106125585490997,90.67234826764286
894,48.82158991037527,15074.64066486351,Engineering,1,2022-06-13,Average,23.531356831752696,90.68918141042752
895,41.48709887589643,0.0,Sales,1,2022-06-14,Average,23.39577767966043,90.34146940660844
896,33.328819196831454,55544.210871003444,Engineering,0,2022-06-15,Needs improvement,23.613151911103017,90.21560976524304
897,36.46713686433323,41099.12439431902,Sales,1,2022-06-16,Needs improvement,23.80560221877024,90.81371027075731
898,47.06508966508357,5882.309894213233,Sales,1,2022-06-17,I love working here! Best company ever.,23.299668683841492,90.21710322946988
899,26.83064329012764,0.0,Marketing,1,2022-06-18,Average,23.962102104165027,90.54202706966637
900,38.686733088729014,0.0,Sales,1,2022-06-19,Average,23.535634500587573,90.9682088408629
901,31.066611876726395,,Sales,1,2022-06-20,Great place,23.61829079875479,90.14785243786238
902,35.28744822934817,0.0,HR,1,2022-06-21,I love working here! Best company ever.,23.680672373225736,90.94087626749472
903,47.78451862607299,23934.102822378925,IT,1,2022-06-22,Great place,23.66673152985759,90.18289305306867
904,36.910990680199035,0.0,Marketing,0,2022-06-23,I love working here! Best company ever.,23.51097074304506,90.56744320802324
905,35.46436548156149,5867.189981337925,Marketing,0,2022-06-24,I love working here! Best company ever.,23.428764291114682,90.37700771195874
906,21.401438590200808,0.0,Marketing,1,2022-06-25,Needs improvement,23.05378196417738,90.96492860150182
907,42.46253566027221,2146.6629153440704,HR,0,2022-06-26,Needs improvement,23.02208584530118,90.27354202900193
908,41.45484181141075,67335.24748315729,Sales,0,2022-06-27,Great place,23.357961194532766,90.39965800208576
909,56.6325472330546,125098.5015581939,IT,1,2022-06-28,I love working here! Best company ever.,23.33366089063369,90.98286011785542
910,31.922217650469992,16427.79574570097,Engineering,0,2022-06-29,Average,23.387695154839008,90.53647039118847
911,37.19150327663939,0.0,Sales,1,2022-06-30,Needs improvement,23.13836820088819,90.50263011562126
912,,17280.973395914967,HR,1,2022-07-01,Average,23.738168270536843,90.257778488204
913,50.77453279763475,120826.98923069854,Sales,1,2022-07-02,Great place,23.85696441477624,90.70136356031044
914,34.047044676130476,70113.44458060847,Sales,1,2022-07-03,Needs improvement,23.938714635374033,90.01437295177777
915,37.790215257703395,0.0,HR,1,2022-07-04,Needs improvement,23.492362303519627,90.04951262970229
916,41.078965097165394,908.5323207082231,Marketing,0,2022-07-05,I love working here! Best company ever.,23.70086569912543,90.5993585871358
917,36.86609123156358,164586.24862181986,Marketing,1,2022-07-06,Great place,23.855551123435873,90.34167457381845
918,30.535663854494718,0.0,IT,0,2022-07-07,I love working here! Best company ever.,23.418291111093485,90.95331637220096
919,36.94089992898308,18174.268069886148,IT,1,2022-07-08,Needs improvement,23.309412794870443,90.90319069072278
920,45.73631749859772,88420.11858024538,Marketing,1,2022-07-09,Great place,23.93672455585349,90.71370625867671
921,24.7348470058894,0.0,Engineering,1,2022-07-10,Needs improvement,23.515676551077075,90.8181455811278
922,,103081.58987072083,Sales,0,2022-07-11,Great place,23.49725388659088,90.66733184966769
923,27.998791850608267,,Engineering,1,2022-07-12,Needs improvement,23.178416096563495,90.12558210271015
924,46.950466289248425,,Sales,1,2022-07-13,Average,23.108155014573356,90.7655433696892
925,19.768130952162252,0.0,Marketing,1,2022-07-14,Average,23.84210686248351,90.21019196871885
926,29.410781527284115,5075.866076325477,IT,1,2022-07-15,I love working here! Best company ever.,23.61413317618752,90.3234428551002
927,38.772118750645205,0.0,IT,0,2022-07-16,Average,23.32582458401945,90.81923421210242
928,50.65524029234341,624.080423751401,Engineering,1,2022-07-17,Needs improvement,23.191736217390268,90.53652560839345
929,34.34249738927012,31627.8188330141,IT,0,2022-07-18,Needs improvement,23.555497280169632,90.85994071418341
930,29.448004733068018,17924.20474185972,Marketing,1,2022-07-19,Average,23.583919289261136,90.21303531984326
931,53.8115706944059,,Engineering,0,2022-07-20,I love working here! Best company ever.,23.20699360124506,90.60777843860689
932,,17636.835997261835,Sales,0,2022-07-21,Average,23.851405747891473,90.08379097254826
933,13.011940433799182,17827.969781233704,IT,1,2022-07-22,Great place,23.08426436615585,90.64306099354003
934,39.40014450053332,67971.56114135131,HR,1,2022-07-23,Great place,23.35609308516642,90.76253403777554
935,29.979457756473888,2467.014661997768,IT,0,2022-07-24,Great place,23.68038441376252,90.58493089397872
936,24.78767182869287,116598.11810955894,Sales,1,2022-07-25,Average,23.2741203638192,90.26623150149881
937,42.08356447299353,95616.37658070381,Engineering,1,2022-07-26,Average,23.82767519478127,90.03134266885887
938,37.43800713771199,55101.6089756706,Sales,1,2022-07-27,Average,23.739867826600403,90.11944888396428
939,29.359213692632714,0.0,HR,0,2022-07-28,Great place,23.789022844548136,90.62230297907402
940,22.196956013291057,0.0,Marketing,1,2022-07-29,I love working here! Best company ever.,23.119106535876718,90.93442021684251
941,43.724573282801444,10248.61880419944,IT,1,2022-07-30,Needs improvement,23.140547127995543,90.206534403972
942,41.50201177958661,4113.088016205121,Engineering,1,2022-07-31,Average,23.286473737744583,90.7350261491051
943,34.00824136220617,13689.627001715946,Marketing,0,2022-08-01,I love working here! Best company ever.,23.51807716519756,90.86645106324904
944,53.466369960476655,0.0,Sales,1,2022-08-02,Needs improvement,23.748016076699404,90.52088217844751
945,24.299152336738473,0.0,Engineering,0,2022-08-03,Needs improvement,23.836530890760905,90.66926579584366
946,19.74474829075261,43710.296960978354,Marketing,1,2022-08-04,Needs improvement,23.70433531595718,90.81501531667615
947,28.080919301187556,269494.40544300416,Engineering,0,2022-08-05,I love working here! Best company ever.,23.928596881530638,90.2606751577406
948,34.54413983644502,0.0,HR,1,2022-08-06,I love working here! Best company ever.,23.73874350961593,90.29689567426804
949,37.43339449322692,,HR,1,2022-08-07,Great place,23.306267887004616,90.00062751662846
950,32.5876394214367,0.0,IT,0,2022-08-08,I love working here! Best company ever.,23.26508128433857,90.9630941308978
951,38.520553965142966,89003.45771633697,IT,0,2022-08-09,I love working here! Best company ever.,23.69619245030109,90.91754489459635
952,22.48460575809556,45687.012877185276,HR,0,2022-08-10,I love working here! Best company ever.,23.192870568689614,90.76456826375943
953,49.437646040732595,6104.596365140865,Engineering,1,2022-08-11,Needs improvement,23.09271481081027,90.07907602097664
954,34.178488216074314,4927.923153723075,HR,1,2022-08-12,Average,23.532222874856195,90.4475028896995
955,46.172958315881274,120190.38653921694,IT,1,2022-08-13,Great place,23.821641569778954,90.10189175397156
956,38.42725346377704,0.0,HR,1,2022-08-14,Average,23.101379842469864,90.0159202672628
957,39.567532191537836,88388.51597612024,HR,0,2022-08-15,Average,23.791891323795728,90.6161829652126
958,40.69767280232204,0.0,Engineering,1,2022-08-16,I love working here! Best company ever.,23.811572004351547,90.96082941708019
959,39.47708560017315,42405.01685324601,Marketing,1,2022-08-17,Great place,23.482274000081542,90.90286802343215
960,41.42722759867544,,IT,1,2022-08-18,Average,23.057310310010486,90.6967548149354
961,48.29152530132431,28143.452104728716,Engineering,1,2022-08-19,Average,23.174589851247188,90.09664058416487
962,36.9652116970147,19059.111005669158,HR,1,2022-08-20,Great place,23.707426275161932,90.2741640376723
963,42.09003757588512,0.0,HR,1,2022-08-21,I love working here! Best company ever.,23.71177794499095,90.3200567268853
964,34.102643057127736,74334.3962333363,Marketing,1,2022-08-22,Average,23.898355275167667,90.76315005774556
965,49.40117215449473,46055.545390855514,IT,0,2022-08-23,Needs improvement,23.582686146554583,90.80224917923512
966,28.2360769794073,,IT,1,2022-08-24,Average,23.124107367713776,90.38510612298992
967,53.00940432910816,29293.6261960972,Sales,1,2022-08-25,Needs improvement,23.121414905504974,90.4178839966176
968,34.59842049355657,,IT,1,2022-08-26,I love working here! Best company ever.,23.721132357356822,90.04450903927616
969,20.69224897881952,49889.622984546324,Marketing,1,2022-08-27,Average,23.1837846651079,90.28913671841876
970,36.28104414910789,0.0,Sales,0,2022-08-28,Great place,23.328385499616605,90.45128517717764
971,28.18948342525119,60639.540627648894,Sales,0,2022-08-29,Great place,23.487212006921915,90.11698304638526
972,43.406435489887244,13553.275985830638,HR,0,2022-08-30,Average,23.02476487757615,90.45326746075501
973,28.473760206976092,35909.2798451207,HR,0,2022-08-31,I love working here! Best company ever.,23.24881902701993,90.8531758122578
974,30.538165667852205,5503.289673916542,IT,0,2022-09-01,I love working here! Best company ever.,23.40788960850728,90.58132101972505
975,16.104592690544692,24266.936874952982,Sales,0,2022-09-02,Great place,23.279636318493207,90.07892985503841
976,30.476936807509233,33439.03043343766,HR,1,2022-09-03,Average,23.136370327467567,90.19167131883027
977,10.761206733710434,52809.871545964415,Marketing,0,2022-09-04,I love working here! Best company ever.,23.7280122577962,90.47454435015855
978,19.16097176514277,150320.50656159714,HR,0,2022-09-05,Great place,23.813147655167985,90.36148714982181
979,42.604146561442974,45895.98621665501,HR,1,2022-09-06,Needs improvement,23.257478976143723,90.3587270195461
980,42.85800158650832,0.0,Sales,0,2022-09-07,Average,23.774419494606303,90.52926744814359
981,39.254575617849646,35287.924442783864,Sales,1,2022-09-08,Needs improvement,23.385553564401313,90.58439592158946
982,25.33023856870787,50270.31123587008,Engineering,1,2022-09-09,Needs improvement,23.506685790854004,90.79686157027619
983,34.5228864385802,3678.678924806502,Marketing,0,2022-09-10,I love working here! Best company ever.,23.856001074893154,90.34096656346249
984,34.963974609094315,14677.736194256955,Sales,1,2022-09-11,I love working here! Best company ever.,23.749953681802406,90.80546628304059
985,23.416353108074574,0.0,IT,0,2022-09-12,I love working here! Best company ever.,23.80511685131618,90.33861122911263
986,50.0339830176715,31979.690828360435,Marketing,0,2022-09-13,Average,23.136845166586358,90.05543298894123
987,43.77362290575671,2336.1742001170605,Marketing,1,2022-09-14,Needs improvement,23.06971942583373,90.5541876510048
988,32.79035826170336,7542.54552689986,Sales,1,2022-09-15,Average,23.893404729087987,90.58790232489481
989,35.26885838994531,16204.462705167058,Marketing,0,2022-09-16,I love working here! Best company ever.,23.387834269571094,90.93454024562186
990,37.08382807947552,177949.94496157955,Sales,1,2022-09-17,Needs improvement,23.287879678069682,90.72606132606248
991,14.582651315757094,20124.502432205598,HR,1,2022-09-18,Average,23.724696254261826,90.91777265249443
992,32.52822617479403,0.0,Engineering,0,2022-09-19,Average,23.836415596579858,90.90834721024301
993,28.180157520022014,10913.87752228215,HR,0,2022-09-20,Great place,23.862489621898302,90.60457411025824
994,,47180.536256995794,Sales,1,2022-09-21,Average,23.315997141125226,90.52776206533645
995,32.18899707114045,16472.671395570604,Sales,0,2022-09-22,I love working here! Best company ever.,23.852212391201675,90.5574409671636
996,52.976865268495224,11596.13492746251,HR,0,2022-09-23,Average,23.040933944374345,90.97833080767725
997,41.4084286126701,0.0,IT,0,2022-09-24,Needs improvement,23.04966149145972,90.77316769174696
998,,,IT,0,2022-09-25,Average,23.623519195174154,90.1062659047924
999,,384.6776135200151,IT,0,2022-09-26,Great place,23.063106369115545,90.7784284067814
